[{"id":"urn:disease:transmission:1000001","type":"DiseaseTransmission","createdAt":"2020-05-26T20:10:00,000+09:00","modifiedAt":"2020-05-26T20:10:00,000+09:00","groupInfectionPlace":{"type":"Property","value":"Guro-gu Call Center","location":{"type":"GeoProperty","value":{"type":"Point","coordinates":[126.884387,37.508163]}}},"transmissionType":{"type":"Property","value":"group"},"numberOfCases":{"type":"Property","value":"98"},"region":{"type":"Relationship","object":"urn:region:korea:10070"}},{"id":"urn:disease:transmission:1000002","type":"DiseaseTransmission","createdAt":"2020-05-26T20:10:00,000+09:00","modifiedAt":"2020-05-26T20:10:00,000+09:00","groupInfectionPlace":{"type":"Property","value":"Dongan Church","location":{"type":"GeoProperty","value":{"type":"Point","coordinates":[127.056766,37.592888]}}},"transmissionType":{"type":"Property","value":"group"},"numberOfCases":{"type":"Property","value":"20"},"region":{"type":"Relationship","object":"urn:region:korea:10110"}},{"id":"urn:disease:transmission:1000003","type":"DiseaseTransmission","createdAt":"2020-05-26T20:10:00,000+09:00","modifiedAt":"2020-05-26T20:10:00,000+09:00","groupInfectionPlace":{"type":"Property","value":"Manmin Central Church","location":{"type":"GeoProperty","value":{"type":"Point","coordinates":[126.894343,37.481059]}}},"transmissionType":{"type":"Property","value":"group"},"numberOfCases":{"type":"Property","value":"41"},"region":{"type":"Relationship","object":"urn:region:korea:10070"}},{"id":"urn:disease:transmission:1000004","type":"DiseaseTransmission","createdAt":"2020-05-26T20:10:00,000+09:00","modifiedAt":"2020-05-26T20:10:00,000+09:00","groupInfectionPlace":{"type":"Property","value":"Eunpyeong St. Mary's Hospital","location":{"type":"GeoProperty","value":{"type":"Point","coordinates":[126.9165,37.63369]}}},"transmissionType":{"type":"Property","value":"group"},"numberOfCases":{"type":"Property","value":"14"},"region":{"type":"Relationship","object":"urn:region:korea:10220"}},{"id":"urn:disease:transmission:1000005","type":"DiseaseTransmission","createdAt":"2020-05-26T20:10:00,000+09:00","modifiedAt":"2020-05-26T20:10:00,000+09:00","groupInfectionPlace":{"type":"Property","value":"Seongdong-gu APT","location":{"type":"GeoProperty","value":{"type":"Point","coordinates":[127.0403,37.55713]}}},"transmissionType":{"type":"Property","value":"group"},"numberOfCases":{"type":"Property","value":"13"},"region":{"type":"Relationship","object":"urn:region:korea:10160"}},{"id":"urn:disease:transmission:1000006","type":"DiseaseTransmission","createdAt":"2020-05-26T20:10:00,000+09:00","modifiedAt":"2020-05-26T20:10:00,000+09:00","groupInfectionPlace":{"type":"Property","value":"Jongno Community Center","location":{"type":"GeoProperty","value":{"type":"Point","coordinates":[127.006,37.57681]}}},"transmissionType":{"type":"Property","value":"group"},"numberOfCases":{"type":"Property","value":"10"},"region":{"type":"Relationship","object":"urn:region:korea:10230"}},{"id":"urn:disease:transmission:1000007","type":"DiseaseTransmission","createdAt":"2020-05-26T20:10:00,000+09:00","modifiedAt":"2020-05-26T20:10:00,000+09:00","groupInfectionPlace":{"type":"Property","value":"Jung-gu Fashion Company","location":{"type":"GeoProperty","value":{"type":"Point","coordinates":[126.984377,37.562405]}}},"transmissionType":{"type":"Property","value":"group"},"numberOfCases":{"type":"Property","value":"7"},"region":{"type":"Relationship","object":"urn:region:korea:10240"}},{"id":"urn:disease:transmission:1000008","type":"DiseaseTransmission","createdAt":"2020-05-26T20:10:00,000+09:00","modifiedAt":"2020-05-26T20:10:00,000+09:00","groupInfectionPlace":{"type":"Property","value":"Shincheonji Church","location":{"type":"GeoProperty","value":{"type":"Point","coordinates":[null,null]}}},"transmissionType":{"type":"Property","value":"group"},"numberOfCases":{"type":"Property","value":"8"}},{"id":"urn:disease:transmission:1000009","type":"DiseaseTransmission","createdAt":"2020-05-26T20:10:00,000+09:00","modifiedAt":"2020-05-26T20:10:00,000+09:00","transmissionType":{"type":"Property","value":"overseasInflow"},"numberOfCases":{"type":"Property","value":"321"},"region":{"type":"Relationship","object":"urn:region:korea:10000"}},{"id":"urn:disease:transmission:1000010","type":"DiseaseTransmission","createdAt":"2020-05-26T20:10:00,000+09:00","modifiedAt":"2020-05-26T20:10:00,000+09:00","transmissionType":{"type":"Property","value":"personal"},"numberOfCases":{"type":"Property","value":"18"},"region":{"type":"Relationship","object":"urn:region:korea:10000"}},{"id":"urn:disease:transmission:1000011","type":"DiseaseTransmission","createdAt":"2020-05-26T20:10:00,000+09:00","modifiedAt":"2020-05-26T20:10:00,000+09:00","transmissionType":{"type":"Property","value":"others"},"numberOfCases":{"type":"Property","value":"24"},"region":{"type":"Relationship","object":"urn:region:korea:10000"}},{"id":"urn:disease:transmission:1100001","type":"DiseaseTransmission","createdAt":"2020-05-26T20:10:00,000+09:00","modifiedAt":"2020-05-26T20:10:00,000+09:00","groupInfectionPlace":{"type":"Property","value":"Onchun Church","location":{"type":"GeoProperty","value":{"type":"Point","coordinates":[129.0771,35.21628]}}},"transmissionType":{"type":"Property","value":"group"},"numberOfCases":{"type":"Property","value":"39"},"region":{"type":"Relationship","object":"urn:region:korea:11060"}},{"id":"urn:disease:transmission:1100002","type":"DiseaseTransmission","createdAt":"2020-05-26T20:10:00,000+09:00","modifiedAt":"2020-05-26T20:10:00,000+09:00","groupInfectionPlace":{"type":"Property","value":"Shincheonji Church","location":{"type":"GeoProperty","value":{"type":"Point","coordinates":[null,null]}}},"transmissionType":{"type":"Property","value":"group"},"numberOfCases":{"type":"Property","value":"12"}},{"id":"urn:disease:transmission:1100003","type":"DiseaseTransmission","createdAt":"2020-05-26T20:10:00,000+09:00","modifiedAt":"2020-05-26T20:10:00,000+09:00","groupInfectionPlace":{"type":"Property","value":"Suyeong-gu Kindergarten","location":{"type":"GeoProperty","value":{"type":"Point","coordinates":[129.1124,35.16708]}}},"transmissionType":{"type":"Property","value":"group"},"numberOfCases":{"type":"Property","value":"5"},"region":{"type":"Relationship","object":"urn:region:korea:11120"}},{"id":"urn:disease:transmission:1100004","type":"DiseaseTransmission","createdAt":"2020-05-26T20:10:00,000+09:00","modifiedAt":"2020-05-26T20:10:00,000+09:00","groupInfectionPlace":{"type":"Property","value":"Haeundae-gu Catholic Church","location":{"type":"GeoProperty","value":{"type":"Point","coordinates":[129.1256,35.20599]}}},"transmissionType":{"type":"Property","value":"group"},"numberOfCases":{"type":"Property","value":"6"},"region":{"type":"Relationship","object":"urn:region:korea:11160"}},{"id":"urn:disease:transmission:1100005","type":"DiseaseTransmission","createdAt":"2020-05-26T20:10:00,000+09:00","modifiedAt":"2020-05-26T20:10:00,000+09:00","groupInfectionPlace":{"type":"Property","value":"Jin-gu Academy","location":{"type":"GeoProperty","value":{"type":"Point","coordinates":[129.0633,35.17371]}}},"transmissionType":{"type":"Property","value":"group"},"numberOfCases":{"type":"Property","value":"4"}},{"id":"urn:disease:transmission:1100006","type":"DiseaseTransmission","createdAt":"2020-05-26T20:10:00,000+09:00","modifiedAt":"2020-05-26T20:10:00,000+09:00","groupInfectionPlace":{"type":"Property","value":"Cheongdo Daenam Hospital","location":{"type":"GeoProperty","value":{"type":"Point","coordinates":[null,null]}}},"transmissionType":{"type":"Property","value":"group"},"numberOfCases":{"type":"Property","value":"1"}},{"id":"urn:disease:transmission:1100007","type":"DiseaseTransmission","createdAt":"2020-05-26T20:10:00,000+09:00","modifiedAt":"2020-05-26T20:10:00,000+09:00","transmissionType":{"type":"Property","value":"overseasInflow"},"numberOfCases":{"type":"Property","value":"25"},"region":{"type":"Relationship","object":"urn:region:korea:11000"}},{"id":"urn:disease:transmission:1100008","type":"DiseaseTransmission","createdAt":"2020-05-26T20:10:00,000+09:00","modifiedAt":"2020-05-26T20:10:00,000+09:00","transmissionType":{"type":"Property","value":"personal"},"numberOfCases":{"type":"Property","value":"18"},"region":{"type":"Relationship","object":"urn:region:korea:11000"}},{"id":"urn:disease:transmission:1100009","type":"DiseaseTransmission","createdAt":"2020-05-26T20:10:00,000+09:00","modifiedAt":"2020-05-26T20:10:00,000+09:00","transmissionType":{"type":"Property","value":"others"},"numberOfCases":{"type":"Property","value":"29"},"region":{"type":"Relationship","object":"urn:region:korea:11000"}},{"id":"urn:disease:transmission:1200001","type":"DiseaseTransmission","createdAt":"2020-05-26T20:10:00,000+09:00","modifiedAt":"2020-05-26T20:10:00,000+09:00","groupInfectionPlace":{"type":"Property","value":"Shincheonji Church","location":{"type":"GeoProperty","value":{"type":"Point","coordinates":[128.5667,35.84008]}}},"transmissionType":{"type":"Property","value":"group"},"numberOfCases":{"type":"Property","value":"4510"},"region":{"type":"Relationship","object":"urn:region:korea:12010"}},{"id":"urn:disease:transmission:1200002","type":"DiseaseTransmission","createdAt":"2020-05-26T20:10:00,000+09:00","modifiedAt":"2020-05-26T20:10:00,000+09:00","groupInfectionPlace":{"type":"Property","value":"Second Mi-Ju Hospital","location":{"type":"GeoProperty","value":{"type":"Point","coordinates":[128.466651,35.857375]}}},"transmissionType":{"type":"Property","value":"group"},"numberOfCases":{"type":"Property","value":"196"},"region":{"type":"Relationship","object":"urn:region:korea:12030"}},{"id":"urn:disease:transmission:1200003","type":"DiseaseTransmission","createdAt":"2020-05-26T20:10:00,000+09:00","modifiedAt":"2020-05-26T20:10:00,000+09:00","groupInfectionPlace":{"type":"Property","value":"Hansarang Convalescent Hospital","location":{"type":"GeoProperty","value":{"type":"Point","coordinates":[128.556649,35.885592]}}},"transmissionType":{"type":"Property","value":"group"},"numberOfCases":{"type":"Property","value":"128"},"region":{"type":"Relationship","object":"urn:region:korea:12060"}},{"id":"urn:disease:transmission:1200004","type":"DiseaseTransmission","createdAt":"2020-05-26T20:10:00,000+09:00","modifiedAt":"2020-05-26T20:10:00,000+09:00","groupInfectionPlace":{"type":"Property","value":"Daesil Convalescent Hospital","location":{"type":"GeoProperty","value":{"type":"Point","coordinates":[128.466653,35.857393]}}},"transmissionType":{"type":"Property","value":"group"},"numberOfCases":{"type":"Property","value":"100"},"region":{"type":"Relationship","object":"urn:region:korea:12030"}},{"id":"urn:disease:transmission:1200005","type":"DiseaseTransmission","createdAt":"2020-05-26T20:10:00,000+09:00","modifiedAt":"2020-05-26T20:10:00,000+09:00","groupInfectionPlace":{"type":"Property","value":"Fatima Hospital","location":{"type":"GeoProperty","value":{"type":"Point","coordinates":[128.624059,35.88395]}}},"transmissionType":{"type":"Property","value":"group"},"numberOfCases":{"type":"Property","value":"37"},"region":{"type":"Relationship","object":"urn:region:korea:12040"}},{"id":"urn:disease:transmission:1200006","type":"DiseaseTransmission","createdAt":"2020-05-26T20:10:00,000+09:00","modifiedAt":"2020-05-26T20:10:00,000+09:00","groupInfectionPlace":{"type":"Property","value":"Cheongdo Daenam Hospital","location":{"type":"GeoProperty","value":{"type":"Point","coordinates":[null,null]}}},"transmissionType":{"type":"Property","value":"group"},"numberOfCases":{"type":"Property","value":"2"}},{"id":"urn:disease:transmission:1200007","type":"DiseaseTransmission","createdAt":"2020-05-26T20:10:00,000+09:00","modifiedAt":"2020-05-26T20:10:00,000+09:00","transmissionType":{"type":"Property","value":"overseasInflow"},"numberOfCases":{"type":"Property","value":"24"},"region":{"type":"Relationship","object":"urn:region:korea:12000"}},{"id":"urn:disease:transmission:1200008","type":"DiseaseTransmission","createdAt":"2020-05-26T20:10:00,000+09:00","modifiedAt":"2020-05-26T20:10:00,000+09:00","transmissionType":{"type":"Property","value":"personal"},"numberOfCases":{"type":"Property","value":"929"},"region":{"type":"Relationship","object":"urn:region:korea:12000"}},{"id":"urn:disease:transmission:1200009","type":"DiseaseTransmission","createdAt":"2020-05-26T20:10:00,000+09:00","modifiedAt":"2020-05-26T20:10:00,000+09:00","transmissionType":{"type":"Property","value":"others"},"numberOfCases":{"type":"Property","value":"724"},"region":{"type":"Relationship","object":"urn:region:korea:12000"}},{"id":"urn:disease:transmission:1300001","type":"DiseaseTransmission","createdAt":"2020-05-26T20:10:00,000+09:00","modifiedAt":"2020-05-26T20:10:00,000+09:00","groupInfectionPlace":{"type":"Property","value":"Shincheonji Church","location":{"type":"GeoProperty","value":{"type":"Point","coordinates":[null,null]}}},"transmissionType":{"type":"Property","value":"group"},"numberOfCases":{"type":"Property","value":"9"}},{"id":"urn:disease:transmission:1300002","type":"DiseaseTransmission","createdAt":"2020-05-26T20:10:00,000+09:00","modifiedAt":"2020-05-26T20:10:00,000+09:00","transmissionType":{"type":"Property","value":"overseasInflow"},"numberOfCases":{"type":"Property","value":"20"},"region":{"type":"Relationship","object":"urn:region:korea:13000"}},{"id":"urn:disease:transmission:1300003","type":"DiseaseTransmission","createdAt":"2020-05-26T20:10:00,000+09:00","modifiedAt":"2020-05-26T20:10:00,000+09:00","transmissionType":{"type":"Property","value":"personal"},"numberOfCases":{"type":"Property","value":"1"},"region":{"type":"Relationship","object":"urn:region:korea:13000"}},{"id":"urn:disease:transmission:1300004","type":"DiseaseTransmission","createdAt":"2020-05-26T20:10:00,000+09:00","modifiedAt":"2020-05-26T20:10:00,000+09:00","transmissionType":{"type":"Property","value":"others"},"numberOfCases":{"type":"Property","value":"0"},"region":{"type":"Relationship","object":"urn:region:korea:13000"}},{"id":"urn:disease:transmission:1400001","type":"DiseaseTransmission","createdAt":"2020-05-26T20:10:00,000+09:00","modifiedAt":"2020-05-26T20:10:00,000+09:00","groupInfectionPlace":{"type":"Property","value":"Guro-gu Call Center","location":{"type":"GeoProperty","value":{"type":"Point","coordinates":[null,null]}}},"transmissionType":{"type":"Property","value":"group"},"numberOfCases":{"type":"Property","value":"20"}},{"id":"urn:disease:transmission:1400002","type":"DiseaseTransmission","createdAt":"2020-05-26T20:10:00,000+09:00","modifiedAt":"2020-05-26T20:10:00,000+09:00","groupInfectionPlace":{"type":"Property","value":"Shincheonji Church","location":{"type":"GeoProperty","value":{"type":"Point","coordinates":[null,null]}}},"transmissionType":{"type":"Property","value":"group"},"numberOfCases":{"type":"Property","value":"2"}},{"id":"urn:disease:transmission:1400003","type":"DiseaseTransmission","createdAt":"2020-05-26T20:10:00,000+09:00","modifiedAt":"2020-05-26T20:10:00,000+09:00","transmissionType":{"type":"Property","value":"overseasInflow"},"numberOfCases":{"type":"Property","value":"48"},"region":{"type":"Relationship","object":"urn:region:korea:14000"}},{"id":"urn:disease:transmission:1400004","type":"DiseaseTransmission","createdAt":"2020-05-26T20:10:00,000+09:00","modifiedAt":"2020-05-26T20:10:00,000+09:00","transmissionType":{"type":"Property","value":"personal"},"numberOfCases":{"type":"Property","value":"5"},"region":{"type":"Relationship","object":"urn:region:korea:14000"}},{"id":"urn:disease:transmission:1400005","type":"DiseaseTransmission","createdAt":"2020-05-26T20:10:00,000+09:00","modifiedAt":"2020-05-26T20:10:00,000+09:00","transmissionType":{"type":"Property","value":"others"},"numberOfCases":{"type":"Property","value":"4"},"region":{"type":"Relationship","object":"urn:region:korea:14000"}},{"id":"urn:disease:transmission:1500001","type":"DiseaseTransmission","createdAt":"2020-05-26T20:10:00,000+09:00","modifiedAt":"2020-05-26T20:10:00,000+09:00","groupInfectionPlace":{"type":"Property","value":"Korea Forest Engineer Institute","location":{"type":"GeoProperty","value":{"type":"Point","coordinates":[127.388856,36.358123]}}},"transmissionType":{"type":"Property","value":"group"},"numberOfCases":{"type":"Property","value":"3"},"region":{"type":"Relationship","object":"urn:region:korea:15030"}},{"id":"urn:disease:transmission:1500002","type":"DiseaseTransmission","createdAt":"2020-05-26T20:10:00,000+09:00","modifiedAt":"2020-05-26T20:10:00,000+09:00","groupInfectionPlace":{"type":"Property","value":"Shincheonji Church","location":{"type":"GeoProperty","value":{"type":"Point","coordinates":[null,null]}}},"transmissionType":{"type":"Property","value":"group"},"numberOfCases":{"type":"Property","value":"2"}},{"id":"urn:disease:transmission:1500003","type":"DiseaseTransmission","createdAt":"2020-05-26T20:10:00,000+09:00","modifiedAt":"2020-05-26T20:10:00,000+09:00","groupInfectionPlace":{"type":"Property","value":"Seosan-si Laboratory","location":{"type":"GeoProperty","value":{"type":"Point","coordinates":[null,null]}}},"transmissionType":{"type":"Property","value":"group"},"numberOfCases":{"type":"Property","value":"2"}},{"id":"urn:disease:transmission:1500004","type":"DiseaseTransmission","createdAt":"2020-05-26T20:10:00,000+09:00","modifiedAt":"2020-05-26T20:10:00,000+09:00","transmissionType":{"type":"Property","value":"overseasInflow"},"numberOfCases":{"type":"Property","value":"10"},"region":{"type":"Relationship","object":"urn:region:korea:15000"}},{"id":"urn:disease:transmission:1500005","type":"DiseaseTransmission","createdAt":"2020-05-26T20:10:00,000+09:00","modifiedAt":"2020-05-26T20:10:00,000+09:00","transmissionType":{"type":"Property","value":"personal"},"numberOfCases":{"type":"Property","value":"8"},"region":{"type":"Relationship","object":"urn:region:korea:15000"}},{"id":"urn:disease:transmission:1500006","type":"DiseaseTransmission","createdAt":"2020-05-26T20:10:00,000+09:00","modifiedAt":"2020-05-26T20:10:00,000+09:00","transmissionType":{"type":"Property","value":"others"},"numberOfCases":{"type":"Property","value":"9"},"region":{"type":"Relationship","object":"urn:region:korea:15000"}},{"id":"urn:disease:transmission:1600001","type":"DiseaseTransmission","createdAt":"2020-05-26T20:10:00,000+09:00","modifiedAt":"2020-05-26T20:10:00,000+09:00","groupInfectionPlace":{"type":"Property","value":"Shincheonji Church","location":{"type":"GeoProperty","value":{"type":"Point","coordinates":[null,null]}}},"transmissionType":{"type":"Property","value":"group"},"numberOfCases":{"type":"Property","value":"16"}},{"id":"urn:disease:transmission:1600002","type":"DiseaseTransmission","createdAt":"2020-05-26T20:10:00,000+09:00","modifiedAt":"2020-05-26T20:10:00,000+09:00","transmissionType":{"type":"Property","value":"overseasInflow"},"numberOfCases":{"type":"Property","value":"15"},"region":{"type":"Relationship","object":"urn:region:korea:16000"}},{"id":"urn:disease:transmission:1600003","type":"DiseaseTransmission","createdAt":"2020-05-26T20:10:00,000+09:00","modifiedAt":"2020-05-26T20:10:00,000+09:00","transmissionType":{"type":"Property","value":"personal"},"numberOfCases":{"type":"Property","value":"4"},"region":{"type":"Relationship","object":"urn:region:korea:16000"}},{"id":"urn:disease:transmission:1600004","type":"DiseaseTransmission","createdAt":"2020-05-26T20:10:00,000+09:00","modifiedAt":"2020-05-26T20:10:00,000+09:00","transmissionType":{"type":"Property","value":"others"},"numberOfCases":{"type":"Property","value":"7"},"region":{"type":"Relationship","object":"urn:region:korea:16000"}},{"id":"urn:disease:transmission:1700001","type":"DiseaseTransmission","createdAt":"2020-05-26T20:10:00,000+09:00","modifiedAt":"2020-05-26T20:10:00,000+09:00","groupInfectionPlace":{"type":"Property","value":"Ministry of Oceans and Fisheries","location":{"type":"GeoProperty","value":{"type":"Point","coordinates":[127.265172,36.504713]}}},"transmissionType":{"type":"Property","value":"group"},"numberOfCases":{"type":"Property","value":"30"},"region":{"type":"Relationship","object":"urn:region:korea:17000"}},{"id":"urn:disease:transmission:1700002","type":"DiseaseTransmission","createdAt":"2020-05-26T20:10:00,000+09:00","modifiedAt":"2020-05-26T20:10:00,000+09:00","groupInfectionPlace":{"type":"Property","value":"gym facility in Sejong","location":{"type":"GeoProperty","value":{"type":"Point","coordinates":[127.289,36.48025]}}},"transmissionType":{"type":"Property","value":"group"},"numberOfCases":{"type":"Property","value":"8"},"region":{"type":"Relationship","object":"urn:region:korea:17000"}},{"id":"urn:disease:transmission:1700003","type":"DiseaseTransmission","createdAt":"2020-05-26T20:10:00,000+09:00","modifiedAt":"2020-05-26T20:10:00,000+09:00","groupInfectionPlace":{"type":"Property","value":"Shincheonji Church","location":{"type":"GeoProperty","value":{"type":"Point","coordinates":[null,null]}}},"transmissionType":{"type":"Property","value":"group"},"numberOfCases":{"type":"Property","value":"1"}},{"id":"urn:disease:transmission:1700004","type":"DiseaseTransmission","createdAt":"2020-05-26T20:10:00,000+09:00","modifiedAt":"2020-05-26T20:10:00,000+09:00","transmissionType":{"type":"Property","value":"overseasInflow"},"numberOfCases":{"type":"Property","value":"3"},"region":{"type":"Relationship","object":"urn:region:korea:17000"}},{"id":"urn:disease:transmission:1700005","type":"DiseaseTransmission","createdAt":"2020-05-26T20:10:00,000+09:00","modifiedAt":"2020-05-26T20:10:00,000+09:00","transmissionType":{"type":"Property","value":"personal"},"numberOfCases":{"type":"Property","value":"3"},"region":{"type":"Relationship","object":"urn:region:korea:17000"}},{"id":"urn:disease:transmission:1700006","type":"DiseaseTransmission","createdAt":"2020-05-26T20:10:00,000+09:00","modifiedAt":"2020-05-26T20:10:00,000+09:00","transmissionType":{"type":"Property","value":"others"},"numberOfCases":{"type":"Property","value":"1"},"region":{"type":"Relationship","object":"urn:region:korea:17000"}},{"id":"urn:disease:transmission:2000001","type":"DiseaseTransmission","createdAt":"2020-05-26T20:10:00,000+09:00","modifiedAt":"2020-05-26T20:10:00,000+09:00","groupInfectionPlace":{"type":"Property","value":"River of Grace Community Church","location":{"type":"GeoProperty","value":{"type":"Point","coordinates":[127.161627,37.455687]}}},"transmissionType":{"type":"Property","value":"group"},"numberOfCases":{"type":"Property","value":"72"},"region":{"type":"Relationship","object":"urn:region:korea:20120"}},{"id":"urn:disease:transmission:2000002","type":"DiseaseTransmission","createdAt":"2020-05-26T20:10:00,000+09:00","modifiedAt":"2020-05-26T20:10:00,000+09:00","groupInfectionPlace":{"type":"Property","value":"Guro-gu Call Center","location":{"type":"GeoProperty","value":{"type":"Point","coordinates":[null,null]}}},"transmissionType":{"type":"Property","value":"group"},"numberOfCases":{"type":"Property","value":"48"}},{"id":"urn:disease:transmission:2000003","type":"DiseaseTransmission","createdAt":"2020-05-26T20:10:00,000+09:00","modifiedAt":"2020-05-26T20:10:00,000+09:00","groupInfectionPlace":{"type":"Property","value":"Uijeongbu St. Mary?�s Hospital","location":{"type":"GeoProperty","value":{"type":"Point","coordinates":[127.077716,37.758635]}}},"transmissionType":{"type":"Property","value":"group"},"numberOfCases":{"type":"Property","value":"50"},"region":{"type":"Relationship","object":"urn:region:korea:20250"}},{"id":"urn:disease:transmission:2000004","type":"DiseaseTransmission","createdAt":"2020-05-26T20:10:00,000+09:00","modifiedAt":"2020-05-26T20:10:00,000+09:00","groupInfectionPlace":{"type":"Property","value":"Shincheonji Church","location":{"type":"GeoProperty","value":{"type":"Point","coordinates":[null,null]}}},"transmissionType":{"type":"Property","value":"group"},"numberOfCases":{"type":"Property","value":"29"}},{"id":"urn:disease:transmission:2000005","type":"DiseaseTransmission","createdAt":"2020-05-26T20:10:00,000+09:00","modifiedAt":"2020-05-26T20:10:00,000+09:00","groupInfectionPlace":{"type":"Property","value":"Bundang Jesaeng Hospital","location":{"type":"GeoProperty","value":{"type":"Point","coordinates":[127.1218,37.38833]}}},"transmissionType":{"type":"Property","value":"group"},"numberOfCases":{"type":"Property","value":"22"},"region":{"type":"Relationship","object":"urn:region:korea:20120"}},{"id":"urn:disease:transmission:2000006","type":"DiseaseTransmission","createdAt":"2020-05-26T20:10:00,000+09:00","modifiedAt":"2020-05-26T20:10:00,000+09:00","groupInfectionPlace":{"type":"Property","value":"Suwon Saeng Myeong Saem Church","location":{"type":"GeoProperty","value":{"type":"Point","coordinates":[127.0517,37.2376]}}},"transmissionType":{"type":"Property","value":"group"},"numberOfCases":{"type":"Property","value":"10"},"region":{"type":"Relationship","object":"urn:region:korea:20130"}},{"id":"urn:disease:transmission:2000007","type":"DiseaseTransmission","createdAt":"2020-05-26T20:10:00,000+09:00","modifiedAt":"2020-05-26T20:10:00,000+09:00","transmissionType":{"type":"Property","value":"overseasInflow"},"numberOfCases":{"type":"Property","value":"225"},"region":{"type":"Relationship","object":"urn:region:korea:20000"}},{"id":"urn:disease:transmission:2000008","type":"DiseaseTransmission","createdAt":"2020-05-26T20:10:00,000+09:00","modifiedAt":"2020-05-26T20:10:00,000+09:00","transmissionType":{"type":"Property","value":"personal"},"numberOfCases":{"type":"Property","value":"57"},"region":{"type":"Relationship","object":"urn:region:korea:20000"}},{"id":"urn:disease:transmission:2000009","type":"DiseaseTransmission","createdAt":"2020-05-26T20:10:00,000+09:00","modifiedAt":"2020-05-26T20:10:00,000+09:00","transmissionType":{"type":"Property","value":"others"},"numberOfCases":{"type":"Property","value":"43"},"region":{"type":"Relationship","object":"urn:region:korea:20000"}},{"id":"urn:disease:transmission:3000001","type":"DiseaseTransmission","createdAt":"2020-05-26T20:10:00,000+09:00","modifiedAt":"2020-05-26T20:10:00,000+09:00","groupInfectionPlace":{"type":"Property","value":"Shincheonji Church","location":{"type":"GeoProperty","value":{"type":"Point","coordinates":[null,null]}}},"transmissionType":{"type":"Property","value":"group"},"numberOfCases":{"type":"Property","value":"17"}},{"id":"urn:disease:transmission:3000002","type":"DiseaseTransmission","createdAt":"2020-05-26T20:10:00,000+09:00","modifiedAt":"2020-05-26T20:10:00,000+09:00","groupInfectionPlace":{"type":"Property","value":"Uijeongbu St. Mary?�s Hospital","location":{"type":"GeoProperty","value":{"type":"Point","coordinates":[null,null]}}},"transmissionType":{"type":"Property","value":"group"},"numberOfCases":{"type":"Property","value":"10"}},{"id":"urn:disease:transmission:3000003","type":"DiseaseTransmission","createdAt":"2020-05-26T20:10:00,000+09:00","modifiedAt":"2020-05-26T20:10:00,000+09:00","groupInfectionPlace":{"type":"Property","value":"Wonju-si Apartments","location":{"type":"GeoProperty","value":{"type":"Point","coordinates":[127.983815,37.342762]}}},"transmissionType":{"type":"Property","value":"group"},"numberOfCases":{"type":"Property","value":"3"},"region":{"type":"Relationship","object":"urn:region:korea:30090"}},{"id":"urn:disease:transmission:3000004","type":"DiseaseTransmission","createdAt":"2020-05-26T20:10:00,000+09:00","modifiedAt":"2020-05-26T20:10:00,000+09:00","transmissionType":{"type":"Property","value":"overseasInflow"},"numberOfCases":{"type":"Property","value":"14"},"region":{"type":"Relationship","object":"urn:region:korea:30000"}},{"id":"urn:disease:transmission:3000005","type":"DiseaseTransmission","createdAt":"2020-05-26T20:10:00,000+09:00","modifiedAt":"2020-05-26T20:10:00,000+09:00","transmissionType":{"type":"Property","value":"personal"},"numberOfCases":{"type":"Property","value":"0"},"region":{"type":"Relationship","object":"urn:region:korea:30000"}},{"id":"urn:disease:transmission:3000006","type":"DiseaseTransmission","createdAt":"2020-05-26T20:10:00,000+09:00","modifiedAt":"2020-05-26T20:10:00,000+09:00","transmissionType":{"type":"Property","value":"others"},"numberOfCases":{"type":"Property","value":"7"},"region":{"type":"Relationship","object":"urn:region:korea:30000"}},{"id":"urn:disease:transmission:4000001","type":"DiseaseTransmission","createdAt":"2020-05-26T20:10:00,000+09:00","modifiedAt":"2020-05-26T20:10:00,000+09:00","groupInfectionPlace":{"type":"Property","value":"Shincheonji Church","location":{"type":"GeoProperty","value":{"type":"Point","coordinates":[null,null]}}},"transmissionType":{"type":"Property","value":"group"},"numberOfCases":{"type":"Property","value":"6"}},{"id":"urn:disease:transmission:4000002","type":"DiseaseTransmission","createdAt":"2020-05-26T20:10:00,000+09:00","modifiedAt":"2020-05-26T20:10:00,000+09:00","groupInfectionPlace":{"type":"Property","value":"Goesan-gun Jangyeon-myeon","location":{"type":"GeoProperty","value":{"type":"Point","coordinates":[127.9552,36.82422]}}},"transmissionType":{"type":"Property","value":"group"},"numberOfCases":{"type":"Property","value":"11"},"region":{"type":"Relationship","object":"urn:region:korea:40010"}},{"id":"urn:disease:transmission:4000003","type":"DiseaseTransmission","createdAt":"2020-05-26T20:10:00,000+09:00","modifiedAt":"2020-05-26T20:10:00,000+09:00","transmissionType":{"type":"Property","value":"overseasInflow"},"numberOfCases":{"type":"Property","value":"7"},"region":{"type":"Relationship","object":"urn:region:korea:40000"}},{"id":"urn:disease:transmission:4000004","type":"DiseaseTransmission","createdAt":"2020-05-26T20:10:00,000+09:00","modifiedAt":"2020-05-26T20:10:00,000+09:00","transmissionType":{"type":"Property","value":"personal"},"numberOfCases":{"type":"Property","value":"6"},"region":{"type":"Relationship","object":"urn:region:korea:40000"}},{"id":"urn:disease:transmission:4000005","type":"DiseaseTransmission","createdAt":"2020-05-26T20:10:00,000+09:00","modifiedAt":"2020-05-26T20:10:00,000+09:00","transmissionType":{"type":"Property","value":"others"},"numberOfCases":{"type":"Property","value":"8"},"region":{"type":"Relationship","object":"urn:region:korea:40000"}},{"id":"urn:disease:transmission:4100001","type":"DiseaseTransmission","createdAt":"2020-05-26T20:10:00,000+09:00","modifiedAt":"2020-05-26T20:10:00,000+09:00","groupInfectionPlace":{"type":"Property","value":"gym facility in Cheonan","location":{"type":"GeoProperty","value":{"type":"Point","coordinates":[127.1139,36.81503]}}},"transmissionType":{"type":"Property","value":"group"},"numberOfCases":{"type":"Property","value":"103"},"region":{"type":"Relationship","object":"urn:region:korea:41120"}},{"id":"urn:disease:transmission:4100002","type":"DiseaseTransmission","createdAt":"2020-05-26T20:10:00,000+09:00","modifiedAt":"2020-05-26T20:10:00,000+09:00","groupInfectionPlace":{"type":"Property","value":"Seosan-si Laboratory","location":{"type":"GeoProperty","value":{"type":"Point","coordinates":[126.354443,37.000354]}}},"transmissionType":{"type":"Property","value":"group"},"numberOfCases":{"type":"Property","value":"9"},"region":{"type":"Relationship","object":"urn:region:korea:41080"}},{"id":"urn:disease:transmission:4100003","type":"DiseaseTransmission","createdAt":"2020-05-26T20:10:00,000+09:00","modifiedAt":"2020-05-26T20:10:00,000+09:00","transmissionType":{"type":"Property","value":"overseasInflow"},"numberOfCases":{"type":"Property","value":"14"},"region":{"type":"Relationship","object":"urn:region:korea:41000"}},{"id":"urn:disease:transmission:4100004","type":"DiseaseTransmission","createdAt":"2020-05-26T20:10:00,000+09:00","modifiedAt":"2020-05-26T20:10:00,000+09:00","transmissionType":{"type":"Property","value":"personal"},"numberOfCases":{"type":"Property","value":"1"},"region":{"type":"Relationship","object":"urn:region:korea:41000"}},{"id":"urn:disease:transmission:4100005","type":"DiseaseTransmission","createdAt":"2020-05-26T20:10:00,000+09:00","modifiedAt":"2020-05-26T20:10:00,000+09:00","transmissionType":{"type":"Property","value":"others"},"numberOfCases":{"type":"Property","value":"10"},"region":{"type":"Relationship","object":"urn:region:korea:41000"}},{"id":"urn:disease:transmission:5000001","type":"DiseaseTransmission","createdAt":"2020-05-26T20:10:00,000+09:00","modifiedAt":"2020-05-26T20:10:00,000+09:00","groupInfectionPlace":{"type":"Property","value":"Shincheonji Church","location":{"type":"GeoProperty","value":{"type":"Point","coordinates":[null,null]}}},"transmissionType":{"type":"Property","value":"group"},"numberOfCases":{"type":"Property","value":"1"}},{"id":"urn:disease:transmission:5000002","type":"DiseaseTransmission","createdAt":"2020-05-26T20:10:00,000+09:00","modifiedAt":"2020-05-26T20:10:00,000+09:00","transmissionType":{"type":"Property","value":"overseasInflow"},"numberOfCases":{"type":"Property","value":"9"},"region":{"type":"Relationship","object":"urn:region:korea:50000"}},{"id":"urn:disease:transmission:5000003","type":"DiseaseTransmission","createdAt":"2020-05-26T20:10:00,000+09:00","modifiedAt":"2020-05-26T20:10:00,000+09:00","transmissionType":{"type":"Property","value":"others"},"numberOfCases":{"type":"Property","value":"5"},"region":{"type":"Relationship","object":"urn:region:korea:50000"}},{"id":"urn:disease:transmission:5100001","type":"DiseaseTransmission","createdAt":"2020-05-26T20:10:00,000+09:00","modifiedAt":"2020-05-26T20:10:00,000+09:00","groupInfectionPlace":{"type":"Property","value":"Manmin Central Church","location":{"type":"GeoProperty","value":{"type":"Point","coordinates":[126.316746,35.078825]}}},"transmissionType":{"type":"Property","value":"group"},"numberOfCases":{"type":"Property","value":"2"},"region":{"type":"Relationship","object":"urn:region:korea:51090"}},{"id":"urn:disease:transmission:5100002","type":"DiseaseTransmission","createdAt":"2020-05-26T20:10:00,000+09:00","modifiedAt":"2020-05-26T20:10:00,000+09:00","groupInfectionPlace":{"type":"Property","value":"Shincheonji Church","location":{"type":"GeoProperty","value":{"type":"Point","coordinates":[null,null]}}},"transmissionType":{"type":"Property","value":"group"},"numberOfCases":{"type":"Property","value":"1"}},{"id":"urn:disease:transmission:5100003","type":"DiseaseTransmission","createdAt":"2020-05-26T20:10:00,000+09:00","modifiedAt":"2020-05-26T20:10:00,000+09:00","transmissionType":{"type":"Property","value":"overseasInflow"},"numberOfCases":{"type":"Property","value":"8"},"region":{"type":"Relationship","object":"urn:region:korea:51000"}},{"id":"urn:disease:transmission:5100004","type":"DiseaseTransmission","createdAt":"2020-05-26T20:10:00,000+09:00","modifiedAt":"2020-05-26T20:10:00,000+09:00","transmissionType":{"type":"Property","value":"personal"},"numberOfCases":{"type":"Property","value":"2"},"region":{"type":"Relationship","object":"urn:region:korea:51000"}},{"id":"urn:disease:transmission:5100005","type":"DiseaseTransmission","createdAt":"2020-05-26T20:10:00,000+09:00","modifiedAt":"2020-05-26T20:10:00,000+09:00","transmissionType":{"type":"Property","value":"others"},"numberOfCases":{"type":"Property","value":"3"},"region":{"type":"Relationship","object":"urn:region:korea:51000"}},{"id":"urn:disease:transmission:6000001","type":"DiseaseTransmission","createdAt":"2020-05-26T20:10:00,000+09:00","modifiedAt":"2020-05-26T20:10:00,000+09:00","groupInfectionPlace":{"type":"Property","value":"Shincheonji Church","location":{"type":"GeoProperty","value":{"type":"Point","coordinates":[null,null]}}},"transmissionType":{"type":"Property","value":"group"},"numberOfCases":{"type":"Property","value":"566"}},{"id":"urn:disease:transmission:6000002","type":"DiseaseTransmission","createdAt":"2020-05-26T20:10:00,000+09:00","modifiedAt":"2020-05-26T20:10:00,000+09:00","groupInfectionPlace":{"type":"Property","value":"Cheongdo Daenam Hospital","location":{"type":"GeoProperty","value":{"type":"Point","coordinates":[128.7368,35.64887]}}},"transmissionType":{"type":"Property","value":"group"},"numberOfCases":{"type":"Property","value":"120"},"region":{"type":"Relationship","object":"urn:region:korea:60200"}},{"id":"urn:disease:transmission:6000003","type":"DiseaseTransmission","createdAt":"2020-05-26T20:10:00,000+09:00","modifiedAt":"2020-05-26T20:10:00,000+09:00","groupInfectionPlace":{"type":"Property","value":"Bonghwa Pureun Nursing Home","location":{"type":"GeoProperty","value":{"type":"Point","coordinates":[128.9099,36.92757]}}},"transmissionType":{"type":"Property","value":"group"},"numberOfCases":{"type":"Property","value":"68"},"region":{"type":"Relationship","object":"urn:region:korea:60080"}},{"id":"urn:disease:transmission:6000004","type":"DiseaseTransmission","createdAt":"2020-05-26T20:10:00,000+09:00","modifiedAt":"2020-05-26T20:10:00,000+09:00","groupInfectionPlace":{"type":"Property","value":"Pilgrimage to Israel","location":{"type":"GeoProperty","value":{"type":"Point","coordinates":[null,null]}}},"transmissionType":{"type":"Property","value":"group"},"numberOfCases":{"type":"Property","value":"49"}},{"id":"urn:disease:transmission:6000005","type":"DiseaseTransmission","createdAt":"2020-05-26T20:10:00,000+09:00","modifiedAt":"2020-05-26T20:10:00,000+09:00","groupInfectionPlace":{"type":"Property","value":"Milal Shelter","location":{"type":"GeoProperty","value":{"type":"Point","coordinates":[128.4941,36.0581]}}},"transmissionType":{"type":"Property","value":"group"},"numberOfCases":{"type":"Property","value":"36"},"region":{"type":"Relationship","object":"urn:region:korea:60220"}},{"id":"urn:disease:transmission:6000006","type":"DiseaseTransmission","createdAt":"2020-05-26T20:10:00,000+09:00","modifiedAt":"2020-05-26T20:10:00,000+09:00","groupInfectionPlace":{"type":"Property","value":"Gyeongsan Seorin Nursing Home","location":{"type":"GeoProperty","value":{"type":"Point","coordinates":[128.801498,35.782149]}}},"transmissionType":{"type":"Property","value":"group"},"numberOfCases":{"type":"Property","value":"66"},"region":{"type":"Relationship","object":"urn:region:korea:60010"}},{"id":"urn:disease:transmission:6000007","type":"DiseaseTransmission","createdAt":"2020-05-26T20:10:00,000+09:00","modifiedAt":"2020-05-26T20:10:00,000+09:00","groupInfectionPlace":{"type":"Property","value":"Yechun-gun","location":{"type":"GeoProperty","value":{"type":"Point","coordinates":[128.437416,36.646845]}}},"transmissionType":{"type":"Property","value":"group"},"numberOfCases":{"type":"Property","value":"40"}},{"id":"urn:disease:transmission:6000008","type":"DiseaseTransmission","createdAt":"2020-05-26T20:10:00,000+09:00","modifiedAt":"2020-05-26T20:10:00,000+09:00","groupInfectionPlace":{"type":"Property","value":"Gyeongsan Jeil Silver Town","location":{"type":"GeoProperty","value":{"type":"Point","coordinates":[128.7621,35.84819]}}},"transmissionType":{"type":"Property","value":"group"},"numberOfCases":{"type":"Property","value":"17"},"region":{"type":"Relationship","object":"urn:region:korea:60010"}},{"id":"urn:disease:transmission:6000009","type":"DiseaseTransmission","createdAt":"2020-05-26T20:10:00,000+09:00","modifiedAt":"2020-05-26T20:10:00,000+09:00","groupInfectionPlace":{"type":"Property","value":"Gyeongsan Cham Joeun Community Center","location":{"type":"GeoProperty","value":{"type":"Point","coordinates":[128.7373,35.82558]}}},"transmissionType":{"type":"Property","value":"group"},"numberOfCases":{"type":"Property","value":"16"},"region":{"type":"Relationship","object":"urn:region:korea:60010"}},{"id":"urn:disease:transmission:6000010","type":"DiseaseTransmission","createdAt":"2020-05-26T20:10:00,000+09:00","modifiedAt":"2020-05-26T20:10:00,000+09:00","transmissionType":{"type":"Property","value":"overseasInflow"},"numberOfCases":{"type":"Property","value":"10"},"region":{"type":"Relationship","object":"urn:region:korea:60000"}},{"id":"urn:disease:transmission:6000011","type":"DiseaseTransmission","createdAt":"2020-05-26T20:10:00,000+09:00","modifiedAt":"2020-05-26T20:10:00,000+09:00","transmissionType":{"type":"Property","value":"personal"},"numberOfCases":{"type":"Property","value":"192"},"region":{"type":"Relationship","object":"urn:region:korea:60000"}},{"id":"urn:disease:transmission:6000012","type":"DiseaseTransmission","createdAt":"2020-05-26T20:10:00,000+09:00","modifiedAt":"2020-05-26T20:10:00,000+09:00","transmissionType":{"type":"Property","value":"others"},"numberOfCases":{"type":"Property","value":"134"},"region":{"type":"Relationship","object":"urn:region:korea:60000"}},{"id":"urn:disease:transmission:6100001","type":"DiseaseTransmission","createdAt":"2020-05-26T20:10:00,000+09:00","modifiedAt":"2020-05-26T20:10:00,000+09:00","groupInfectionPlace":{"type":"Property","value":"Shincheonji Church","location":{"type":"GeoProperty","value":{"type":"Point","coordinates":[null,null]}}},"transmissionType":{"type":"Property","value":"group"},"numberOfCases":{"type":"Property","value":"32"}},{"id":"urn:disease:transmission:6100002","type":"DiseaseTransmission","createdAt":"2020-05-26T20:10:00,000+09:00","modifiedAt":"2020-05-26T20:10:00,000+09:00","groupInfectionPlace":{"type":"Property","value":"Geochang Church","location":{"type":"GeoProperty","value":{"type":"Point","coordinates":[127.9127,35.68556]}}},"transmissionType":{"type":"Property","value":"group"},"numberOfCases":{"type":"Property","value":"10"},"region":{"type":"Relationship","object":"urn:region:korea:61020"}},{"id":"urn:disease:transmission:6100003","type":"DiseaseTransmission","createdAt":"2020-05-26T20:10:00,000+09:00","modifiedAt":"2020-05-26T20:10:00,000+09:00","groupInfectionPlace":{"type":"Property","value":"Geochang-gun Woongyang-myeon","location":{"type":"GeoProperty","value":{"type":"Point","coordinates":[127.917805,35.805681]}}},"transmissionType":{"type":"Property","value":"group"},"numberOfCases":{"type":"Property","value":"8"},"region":{"type":"Relationship","object":"urn:region:korea:61020"}},{"id":"urn:disease:transmission:6100004","type":"DiseaseTransmission","createdAt":"2020-05-26T20:10:00,000+09:00","modifiedAt":"2020-05-26T20:10:00,000+09:00","groupInfectionPlace":{"type":"Property","value":"Wings Tower","location":{"type":"GeoProperty","value":{"type":"Point","coordinates":[128.126969,35.164845]}}},"transmissionType":{"type":"Property","value":"group"},"numberOfCases":{"type":"Property","value":"10"},"region":{"type":"Relationship","object":"urn:region:korea:61110"}},{"id":"urn:disease:transmission:6100005","type":"DiseaseTransmission","createdAt":"2020-05-26T20:10:00,000+09:00","modifiedAt":"2020-05-26T20:10:00,000+09:00","groupInfectionPlace":{"type":"Property","value":"Hanmaeum Changwon Hospital","location":{"type":"GeoProperty","value":{"type":"Point","coordinates":[128.6866,35.22115]}}},"transmissionType":{"type":"Property","value":"group"},"numberOfCases":{"type":"Property","value":"7"},"region":{"type":"Relationship","object":"urn:region:korea:61130"}},{"id":"urn:disease:transmission:6100006","type":"DiseaseTransmission","createdAt":"2020-05-26T20:10:00,000+09:00","modifiedAt":"2020-05-26T20:10:00,000+09:00","groupInfectionPlace":{"type":"Property","value":"Changnyeong Coin Karaoke","location":{"type":"GeoProperty","value":{"type":"Point","coordinates":[128.5008,35.54127]}}},"transmissionType":{"type":"Property","value":"group"},"numberOfCases":{"type":"Property","value":"7"},"region":{"type":"Relationship","object":"urn:region:korea:61120"}},{"id":"urn:disease:transmission:6100007","type":"DiseaseTransmission","createdAt":"2020-05-26T20:10:00,000+09:00","modifiedAt":"2020-05-26T20:10:00,000+09:00","groupInfectionPlace":{"type":"Property","value":"Onchun Church","location":{"type":"GeoProperty","value":{"type":"Point","coordinates":[null,null]}}},"transmissionType":{"type":"Property","value":"group"},"numberOfCases":{"type":"Property","value":"2"}},{"id":"urn:disease:transmission:6100008","type":"DiseaseTransmission","createdAt":"2020-05-26T20:10:00,000+09:00","modifiedAt":"2020-05-26T20:10:00,000+09:00","transmissionType":{"type":"Property","value":"overseasInflow"},"numberOfCases":{"type":"Property","value":"15"},"region":{"type":"Relationship","object":"urn:region:korea:61000"}},{"id":"urn:disease:transmission:6100009","type":"DiseaseTransmission","createdAt":"2020-05-26T20:10:00,000+09:00","modifiedAt":"2020-05-26T20:10:00,000+09:00","transmissionType":{"type":"Property","value":"personal"},"numberOfCases":{"type":"Property","value":"6"},"region":{"type":"Relationship","object":"urn:region:korea:61000"}},{"id":"urn:disease:transmission:6100010","type":"DiseaseTransmission","createdAt":"2020-05-26T20:10:00,000+09:00","modifiedAt":"2020-05-26T20:10:00,000+09:00","transmissionType":{"type":"Property","value":"others"},"numberOfCases":{"type":"Property","value":"18"},"region":{"type":"Relationship","object":"urn:region:korea:61000"}},{"id":"urn:disease:transmission:7000001","type":"DiseaseTransmission","createdAt":"2020-05-26T20:10:00,000+09:00","modifiedAt":"2020-05-26T20:10:00,000+09:00","transmissionType":{"type":"Property","value":"overseasInflow"},"numberOfCases":{"type":"Property","value":"9"},"region":{"type":"Relationship","object":"urn:region:korea:70000"}},{"id":"urn:disease:transmission:7000002","type":"DiseaseTransmission","createdAt":"2020-05-26T20:10:00,000+09:00","modifiedAt":"2020-05-26T20:10:00,000+09:00","transmissionType":{"type":"Property","value":"personal"},"numberOfCases":{"type":"Property","value":"0"},"region":{"type":"Relationship","object":"urn:region:korea:70000"}},{"id":"urn:disease:transmission:7000003","type":"DiseaseTransmission","createdAt":"2020-05-26T20:10:00,000+09:00","modifiedAt":"2020-05-26T20:10:00,000+09:00","transmissionType":{"type":"Property","value":"others"},"numberOfCases":{"type":"Property","value":"4"},"region":{"type":"Relationship","object":"urn:region:korea:70000"}}]