[{"id":"urn:region:korea:10000","type":"Region","createdAt":"2020-05-26T20:10:00,000+09:00","modifiedAt":"2020-05-26T20:10:00,000+09:00","address":{"type":"Property","value":{"addressCountry":"KR","addressRegion":"Seoul","addressLocality":"Seoul"}},"location":{"type":"GeoProperty","value":{"type":"Point","coordinates":["126.977977","37.566953"]}}},{"id":"urn:region:korea:10010","type":"Region","createdAt":"2020-05-26T20:10:00,000+09:00","modifiedAt":"2020-05-26T20:10:00,000+09:00","address":{"type":"Property","value":{"addressCountry":"KR","addressRegion":"Seoul","addressLocality":"Gangnam-gu"}},"location":{"type":"GeoProperty","value":{"type":"Point","coordinates":["127.047222","37.518421"]}}},{"id":"urn:region:korea:10020","type":"Region","createdAt":"2020-05-26T20:10:00,000+09:00","modifiedAt":"2020-05-26T20:10:00,000+09:00","address":{"type":"Property","value":{"addressCountry":"KR","addressRegion":"Seoul","addressLocality":"Gangdong-gu"}},"location":{"type":"GeoProperty","value":{"type":"Point","coordinates":["127.123837","37.530492"]}}},{"id":"urn:region:korea:10030","type":"Region","createdAt":"2020-05-26T20:10:00,000+09:00","modifiedAt":"2020-05-26T20:10:00,000+09:00","address":{"type":"Property","value":{"addressCountry":"KR","addressRegion":"Seoul","addressLocality":"Gangbuk-gu"}},"location":{"type":"GeoProperty","value":{"type":"Point","coordinates":["127.025508","37.639938"]}}},{"id":"urn:region:korea:10040","type":"Region","createdAt":"2020-05-26T20:10:00,000+09:00","modifiedAt":"2020-05-26T20:10:00,000+09:00","address":{"type":"Property","value":{"addressCountry":"KR","addressRegion":"Seoul","addressLocality":"Gangseo-gu"}},"location":{"type":"GeoProperty","value":{"type":"Point","coordinates":["126.849506","37.551166"]}}},{"id":"urn:region:korea:10050","type":"Region","createdAt":"2020-05-26T20:10:00,000+09:00","modifiedAt":"2020-05-26T20:10:00,000+09:00","address":{"type":"Property","value":{"addressCountry":"KR","addressRegion":"Seoul","addressLocality":"Gwanak-gu"}},"location":{"type":"GeoProperty","value":{"type":"Point","coordinates":["126.951502","37.47829"]}}},{"id":"urn:region:korea:10060","type":"Region","createdAt":"2020-05-26T20:10:00,000+09:00","modifiedAt":"2020-05-26T20:10:00,000+09:00","address":{"type":"Property","value":{"addressCountry":"KR","addressRegion":"Seoul","addressLocality":"Gwangjin-gu"}},"location":{"type":"GeoProperty","value":{"type":"Point","coordinates":["127.082366","37.538712"]}}},{"id":"urn:region:korea:10070","type":"Region","createdAt":"2020-05-26T20:10:00,000+09:00","modifiedAt":"2020-05-26T20:10:00,000+09:00","address":{"type":"Property","value":{"addressCountry":"KR","addressRegion":"Seoul","addressLocality":"Guro-gu"}},"location":{"type":"GeoProperty","value":{"type":"Point","coordinates":["126.88765","37.495632"]}}},{"id":"urn:region:korea:10080","type":"Region","createdAt":"2020-05-26T20:10:00,000+09:00","modifiedAt":"2020-05-26T20:10:00,000+09:00","address":{"type":"Property","value":{"addressCountry":"KR","addressRegion":"Seoul","addressLocality":"Geumcheon-gu"}},"location":{"type":"GeoProperty","value":{"type":"Point","coordinates":["126.895229","37.456852"]}}},{"id":"urn:region:korea:10090","type":"Region","createdAt":"2020-05-26T20:10:00,000+09:00","modifiedAt":"2020-05-26T20:10:00,000+09:00","address":{"type":"Property","value":{"addressCountry":"KR","addressRegion":"Seoul","addressLocality":"Nowon-gu"}},"location":{"type":"GeoProperty","value":{"type":"Point","coordinates":["127.056294","37.654259"]}}},{"id":"urn:region:korea:10100","type":"Region","createdAt":"2020-05-26T20:10:00,000+09:00","modifiedAt":"2020-05-26T20:10:00,000+09:00","address":{"type":"Property","value":{"addressCountry":"KR","addressRegion":"Seoul","addressLocality":"Dobong-gu"}},"location":{"type":"GeoProperty","value":{"type":"Point","coordinates":["127.047082","37.668952"]}}},{"id":"urn:region:korea:10110","type":"Region","createdAt":"2020-05-26T20:10:00,000+09:00","modifiedAt":"2020-05-26T20:10:00,000+09:00","address":{"type":"Property","value":{"addressCountry":"KR","addressRegion":"Seoul","addressLocality":"Dongdaemun-gu"}},"location":{"type":"GeoProperty","value":{"type":"Point","coordinates":["127.039721","37.574552"]}}},{"id":"urn:region:korea:10120","type":"Region","createdAt":"2020-05-26T20:10:00,000+09:00","modifiedAt":"2020-05-26T20:10:00,000+09:00","address":{"type":"Property","value":{"addressCountry":"KR","addressRegion":"Seoul","addressLocality":"Dongjak-gu"}},"location":{"type":"GeoProperty","value":{"type":"Point","coordinates":["126.963604","37.510571"]}}},{"id":"urn:region:korea:10130","type":"Region","createdAt":"2020-05-26T20:10:00,000+09:00","modifiedAt":"2020-05-26T20:10:00,000+09:00","address":{"type":"Property","value":{"addressCountry":"KR","addressRegion":"Seoul","addressLocality":"Mapo-gu"}},"location":{"type":"GeoProperty","value":{"type":"Point","coordinates":["126.901644","37.566283"]}}},{"id":"urn:region:korea:10140","type":"Region","createdAt":"2020-05-26T20:10:00,000+09:00","modifiedAt":"2020-05-26T20:10:00,000+09:00","address":{"type":"Property","value":{"addressCountry":"KR","addressRegion":"Seoul","addressLocality":"Seodaemun-gu"}},"location":{"type":"GeoProperty","value":{"type":"Point","coordinates":["126.936771","37.579428"]}}},{"id":"urn:region:korea:10150","type":"Region","createdAt":"2020-05-26T20:10:00,000+09:00","modifiedAt":"2020-05-26T20:10:00,000+09:00","address":{"type":"Property","value":{"addressCountry":"KR","addressRegion":"Seoul","addressLocality":"Seocho-gu"}},"location":{"type":"GeoProperty","value":{"type":"Point","coordinates":["127.032693","37.483804"]}}},{"id":"urn:region:korea:10160","type":"Region","createdAt":"2020-05-26T20:10:00,000+09:00","modifiedAt":"2020-05-26T20:10:00,000+09:00","address":{"type":"Property","value":{"addressCountry":"KR","addressRegion":"Seoul","addressLocality":"Seongdong-gu"}},"location":{"type":"GeoProperty","value":{"type":"Point","coordinates":["127.036647","37.563277"]}}},{"id":"urn:region:korea:10170","type":"Region","createdAt":"2020-05-26T20:10:00,000+09:00","modifiedAt":"2020-05-26T20:10:00,000+09:00","address":{"type":"Property","value":{"addressCountry":"KR","addressRegion":"Seoul","addressLocality":"Seongbuk-gu"}},"location":{"type":"GeoProperty","value":{"type":"Point","coordinates":["127.0167","37.589562"]}}},{"id":"urn:region:korea:10180","type":"Region","createdAt":"2020-05-26T20:10:00,000+09:00","modifiedAt":"2020-05-26T20:10:00,000+09:00","address":{"type":"Property","value":{"addressCountry":"KR","addressRegion":"Seoul","addressLocality":"Songpa-gu"}},"location":{"type":"GeoProperty","value":{"type":"Point","coordinates":["127.106141","37.51462"]}}},{"id":"urn:region:korea:10190","type":"Region","createdAt":"2020-05-26T20:10:00,000+09:00","modifiedAt":"2020-05-26T20:10:00,000+09:00","address":{"type":"Property","value":{"addressCountry":"KR","addressRegion":"Seoul","addressLocality":"Yangcheon-gu"}},"location":{"type":"GeoProperty","value":{"type":"Point","coordinates":["126.866618","37.517189"]}}},{"id":"urn:region:korea:10200","type":"Region","createdAt":"2020-05-26T20:10:00,000+09:00","modifiedAt":"2020-05-26T20:10:00,000+09:00","address":{"type":"Property","value":{"addressCountry":"KR","addressRegion":"Seoul","addressLocality":"Yeongdeungpo-gu"}},"location":{"type":"GeoProperty","value":{"type":"Point","coordinates":["126.89619","37.526505"]}}},{"id":"urn:region:korea:10210","type":"Region","createdAt":"2020-05-26T20:10:00,000+09:00","modifiedAt":"2020-05-26T20:10:00,000+09:00","address":{"type":"Property","value":{"addressCountry":"KR","addressRegion":"Seoul","addressLocality":"Yongsan-gu"}},"location":{"type":"GeoProperty","value":{"type":"Point","coordinates":["126.990021","37.532768"]}}},{"id":"urn:region:korea:10220","type":"Region","createdAt":"2020-05-26T20:10:00,000+09:00","modifiedAt":"2020-05-26T20:10:00,000+09:00","address":{"type":"Property","value":{"addressCountry":"KR","addressRegion":"Seoul","addressLocality":"Eunpyeong-gu"}},"location":{"type":"GeoProperty","value":{"type":"Point","coordinates":["126.929173","37.603481"]}}},{"id":"urn:region:korea:10230","type":"Region","createdAt":"2020-05-26T20:10:00,000+09:00","modifiedAt":"2020-05-26T20:10:00,000+09:00","address":{"type":"Property","value":{"addressCountry":"KR","addressRegion":"Seoul","addressLocality":"Jongno-gu"}},"location":{"type":"GeoProperty","value":{"type":"Point","coordinates":["126.979189","37.572999"]}}},{"id":"urn:region:korea:10240","type":"Region","createdAt":"2020-05-26T20:10:00,000+09:00","modifiedAt":"2020-05-26T20:10:00,000+09:00","address":{"type":"Property","value":{"addressCountry":"KR","addressRegion":"Seoul","addressLocality":"Jung-gu"}},"location":{"type":"GeoProperty","value":{"type":"Point","coordinates":["126.99753","37.563988"]}}},{"id":"urn:region:korea:10250","type":"Region","createdAt":"2020-05-26T20:10:00,000+09:00","modifiedAt":"2020-05-26T20:10:00,000+09:00","address":{"type":"Property","value":{"addressCountry":"KR","addressRegion":"Seoul","addressLocality":"Jungnang-gu"}},"location":{"type":"GeoProperty","value":{"type":"Point","coordinates":["127.092656","37.606832"]}}},{"id":"urn:region:korea:11000","type":"Region","createdAt":"2020-05-26T20:10:00,000+09:00","modifiedAt":"2020-05-26T20:10:00,000+09:00","address":{"type":"Property","value":{"addressCountry":"KR","addressRegion":"Busan","addressLocality":"Busan"}},"location":{"type":"GeoProperty","value":{"type":"Point","coordinates":["129.074796","35.179884"]}}},{"id":"urn:region:korea:11010","type":"Region","createdAt":"2020-05-26T20:10:00,000+09:00","modifiedAt":"2020-05-26T20:10:00,000+09:00","address":{"type":"Property","value":{"addressCountry":"KR","addressRegion":"Busan","addressLocality":"Gangseo-gu"}},"location":{"type":"GeoProperty","value":{"type":"Point","coordinates":["128.98068","35.212424"]}}},{"id":"urn:region:korea:11020","type":"Region","createdAt":"2020-05-26T20:10:00,000+09:00","modifiedAt":"2020-05-26T20:10:00,000+09:00","address":{"type":"Property","value":{"addressCountry":"KR","addressRegion":"Busan","addressLocality":"Geumjeong-gu"}},"location":{"type":"GeoProperty","value":{"type":"Point","coordinates":["129.092163","35.243053"]}}},{"id":"urn:region:korea:11030","type":"Region","createdAt":"2020-05-26T20:10:00,000+09:00","modifiedAt":"2020-05-26T20:10:00,000+09:00","address":{"type":"Property","value":{"addressCountry":"KR","addressRegion":"Busan","addressLocality":"Gijang-gun"}},"location":{"type":"GeoProperty","value":{"type":"Point","coordinates":["129.222253","35.244881"]}}},{"id":"urn:region:korea:11040","type":"Region","createdAt":"2020-05-26T20:10:00,000+09:00","modifiedAt":"2020-05-26T20:10:00,000+09:00","address":{"type":"Property","value":{"addressCountry":"KR","addressRegion":"Busan","addressLocality":"Nam-gu"}},"location":{"type":"GeoProperty","value":{"type":"Point","coordinates":["129.08414","35.136789"]}}},{"id":"urn:region:korea:11050","type":"Region","createdAt":"2020-05-26T20:10:00,000+09:00","modifiedAt":"2020-05-26T20:10:00,000+09:00","address":{"type":"Property","value":{"addressCountry":"KR","addressRegion":"Busan","addressLocality":"Dong-gu"}},"location":{"type":"GeoProperty","value":{"type":"Point","coordinates":["129.04554","35.129432"]}}},{"id":"urn:region:korea:11060","type":"Region","createdAt":"2020-05-26T20:10:00,000+09:00","modifiedAt":"2020-05-26T20:10:00,000+09:00","address":{"type":"Property","value":{"addressCountry":"KR","addressRegion":"Busan","addressLocality":"Dongnae-gu"}},"location":{"type":"GeoProperty","value":{"type":"Point","coordinates":["129.083673","35.20506"]}}},{"id":"urn:region:korea:11070","type":"Region","createdAt":"2020-05-26T20:10:00,000+09:00","modifiedAt":"2020-05-26T20:10:00,000+09:00","address":{"type":"Property","value":{"addressCountry":"KR","addressRegion":"Busan","addressLocality":"Busanjin-gu"}},"location":{"type":"GeoProperty","value":{"type":"Point","coordinates":["129.053058","35.163332"]}}},{"id":"urn:region:korea:11080","type":"Region","createdAt":"2020-05-26T20:10:00,000+09:00","modifiedAt":"2020-05-26T20:10:00,000+09:00","address":{"type":"Property","value":{"addressCountry":"KR","addressRegion":"Busan","addressLocality":"Buk-gu"}},"location":{"type":"GeoProperty","value":{"type":"Point","coordinates":["128.990224","35.197483"]}}},{"id":"urn:region:korea:11090","type":"Region","createdAt":"2020-05-26T20:10:00,000+09:00","modifiedAt":"2020-05-26T20:10:00,000+09:00","address":{"type":"Property","value":{"addressCountry":"KR","addressRegion":"Busan","addressLocality":"Sasang-gu"}},"location":{"type":"GeoProperty","value":{"type":"Point","coordinates":["128.991142","35.152777"]}}},{"id":"urn:region:korea:11100","type":"Region","createdAt":"2020-05-26T20:10:00,000+09:00","modifiedAt":"2020-05-26T20:10:00,000+09:00","address":{"type":"Property","value":{"addressCountry":"KR","addressRegion":"Busan","addressLocality":"Saha-gu"}},"location":{"type":"GeoProperty","value":{"type":"Point","coordinates":["128.974792","35.104642"]}}},{"id":"urn:region:korea:11110","type":"Region","createdAt":"2020-05-26T20:10:00,000+09:00","modifiedAt":"2020-05-26T20:10:00,000+09:00","address":{"type":"Property","value":{"addressCountry":"KR","addressRegion":"Busan","addressLocality":"Seo-gu"}},"location":{"type":"GeoProperty","value":{"type":"Point","coordinates":["129.024193","35.098135"]}}},{"id":"urn:region:korea:11120","type":"Region","createdAt":"2020-05-26T20:10:00,000+09:00","modifiedAt":"2020-05-26T20:10:00,000+09:00","address":{"type":"Property","value":{"addressCountry":"KR","addressRegion":"Busan","addressLocality":"Suyeong-gu"}},"location":{"type":"GeoProperty","value":{"type":"Point","coordinates":["129.113194","35.145805"]}}},{"id":"urn:region:korea:11130","type":"Region","createdAt":"2020-05-26T20:10:00,000+09:00","modifiedAt":"2020-05-26T20:10:00,000+09:00","address":{"type":"Property","value":{"addressCountry":"KR","addressRegion":"Busan","addressLocality":"Yeonje-gu"}},"location":{"type":"GeoProperty","value":{"type":"Point","coordinates":["129.079566","35.176406"]}}},{"id":"urn:region:korea:11140","type":"Region","createdAt":"2020-05-26T20:10:00,000+09:00","modifiedAt":"2020-05-26T20:10:00,000+09:00","address":{"type":"Property","value":{"addressCountry":"KR","addressRegion":"Busan","addressLocality":"Yeongdo-gu"}},"location":{"type":"GeoProperty","value":{"type":"Point","coordinates":["129.067884","35.091362"]}}},{"id":"urn:region:korea:11150","type":"Region","createdAt":"2020-05-26T20:10:00,000+09:00","modifiedAt":"2020-05-26T20:10:00,000+09:00","address":{"type":"Property","value":{"addressCountry":"KR","addressRegion":"Busan","addressLocality":"Jung-gu"}},"location":{"type":"GeoProperty","value":{"type":"Point","coordinates":["129.032256","35.106321"]}}},{"id":"urn:region:korea:11160","type":"Region","createdAt":"2020-05-26T20:10:00,000+09:00","modifiedAt":"2020-05-26T20:10:00,000+09:00","address":{"type":"Property","value":{"addressCountry":"KR","addressRegion":"Busan","addressLocality":"Haeundae-gu"}},"location":{"type":"GeoProperty","value":{"type":"Point","coordinates":["129.163594","35.16336"]}}},{"id":"urn:region:korea:12000","type":"Region","createdAt":"2020-05-26T20:10:00,000+09:00","modifiedAt":"2020-05-26T20:10:00,000+09:00","address":{"type":"Property","value":{"addressCountry":"KR","addressRegion":"Daegu","addressLocality":"Daegu"}},"location":{"type":"GeoProperty","value":{"type":"Point","coordinates":["128.601783","35.87215"]}}},{"id":"urn:region:korea:12010","type":"Region","createdAt":"2020-05-26T20:10:00,000+09:00","modifiedAt":"2020-05-26T20:10:00,000+09:00","address":{"type":"Property","value":{"addressCountry":"KR","addressRegion":"Daegu","addressLocality":"Nam-gu"}},"location":{"type":"GeoProperty","value":{"type":"Point","coordinates":["128.597723","35.8463"]}}},{"id":"urn:region:korea:12020","type":"Region","createdAt":"2020-05-26T20:10:00,000+09:00","modifiedAt":"2020-05-26T20:10:00,000+09:00","address":{"type":"Property","value":{"addressCountry":"KR","addressRegion":"Daegu","addressLocality":"Dalseo-gu"}},"location":{"type":"GeoProperty","value":{"type":"Point","coordinates":["128.532635","35.830128"]}}},{"id":"urn:region:korea:12030","type":"Region","createdAt":"2020-05-26T20:10:00,000+09:00","modifiedAt":"2020-05-26T20:10:00,000+09:00","address":{"type":"Property","value":{"addressCountry":"KR","addressRegion":"Daegu","addressLocality":"Dalseong-gun"}},"location":{"type":"GeoProperty","value":{"type":"Point","coordinates":["128.431314","35.77475"]}}},{"id":"urn:region:korea:12040","type":"Region","createdAt":"2020-05-26T20:10:00,000+09:00","modifiedAt":"2020-05-26T20:10:00,000+09:00","address":{"type":"Property","value":{"addressCountry":"KR","addressRegion":"Daegu","addressLocality":"Dong-gu"}},"location":{"type":"GeoProperty","value":{"type":"Point","coordinates":["128.635537","35.886836"]}}},{"id":"urn:region:korea:12050","type":"Region","createdAt":"2020-05-26T20:10:00,000+09:00","modifiedAt":"2020-05-26T20:10:00,000+09:00","address":{"type":"Property","value":{"addressCountry":"KR","addressRegion":"Daegu","addressLocality":"Buk-gu"}},"location":{"type":"GeoProperty","value":{"type":"Point","coordinates":["128.583779","35.892506"]}}},{"id":"urn:region:korea:12060","type":"Region","createdAt":"2020-05-26T20:10:00,000+09:00","modifiedAt":"2020-05-26T20:10:00,000+09:00","address":{"type":"Property","value":{"addressCountry":"KR","addressRegion":"Daegu","addressLocality":"Seo-gu"}},"location":{"type":"GeoProperty","value":{"type":"Point","coordinates":["128.559182","35.871993"]}}},{"id":"urn:region:korea:12070","type":"Region","createdAt":"2020-05-26T20:10:00,000+09:00","modifiedAt":"2020-05-26T20:10:00,000+09:00","address":{"type":"Property","value":{"addressCountry":"KR","addressRegion":"Daegu","addressLocality":"Suseong-gu"}},"location":{"type":"GeoProperty","value":{"type":"Point","coordinates":["128.630551","35.858395"]}}},{"id":"urn:region:korea:12080","type":"Region","createdAt":"2020-05-26T20:10:00,000+09:00","modifiedAt":"2020-05-26T20:10:00,000+09:00","address":{"type":"Property","value":{"addressCountry":"KR","addressRegion":"Daegu","addressLocality":"Jung-gu"}},"location":{"type":"GeoProperty","value":{"type":"Point","coordinates":["128.606184","35.869551"]}}},{"id":"urn:region:korea:13000","type":"Region","createdAt":"2020-05-26T20:10:00,000+09:00","modifiedAt":"2020-05-26T20:10:00,000+09:00","address":{"type":"Property","value":{"addressCountry":"KR","addressRegion":"Gwangju","addressLocality":"Gwangju"}},"location":{"type":"GeoProperty","value":{"type":"Point","coordinates":["126.851392","35.160467"]}}},{"id":"urn:region:korea:13010","type":"Region","createdAt":"2020-05-26T20:10:00,000+09:00","modifiedAt":"2020-05-26T20:10:00,000+09:00","address":{"type":"Property","value":{"addressCountry":"KR","addressRegion":"Gwangju","addressLocality":"Gwangsan-gu"}},"location":{"type":"GeoProperty","value":{"type":"Point","coordinates":["126.7937","35.139941"]}}},{"id":"urn:region:korea:13020","type":"Region","createdAt":"2020-05-26T20:10:00,000+09:00","modifiedAt":"2020-05-26T20:10:00,000+09:00","address":{"type":"Property","value":{"addressCountry":"KR","addressRegion":"Gwangju","addressLocality":"Nam-gu"}},"location":{"type":"GeoProperty","value":{"type":"Point","coordinates":["126.902379","35.132982"]}}},{"id":"urn:region:korea:13030","type":"Region","createdAt":"2020-05-26T20:10:00,000+09:00","modifiedAt":"2020-05-26T20:10:00,000+09:00","address":{"type":"Property","value":{"addressCountry":"KR","addressRegion":"Gwangju","addressLocality":"Dong-gu"}},"location":{"type":"GeoProperty","value":{"type":"Point","coordinates":["126.923133","35.14626"]}}},{"id":"urn:region:korea:13040","type":"Region","createdAt":"2020-05-26T20:10:00,000+09:00","modifiedAt":"2020-05-26T20:10:00,000+09:00","address":{"type":"Property","value":{"addressCountry":"KR","addressRegion":"Gwangju","addressLocality":"Buk-gu"}},"location":{"type":"GeoProperty","value":{"type":"Point","coordinates":["126.912061","35.174434"]}}},{"id":"urn:region:korea:13050","type":"Region","createdAt":"2020-05-26T20:10:00,000+09:00","modifiedAt":"2020-05-26T20:10:00,000+09:00","address":{"type":"Property","value":{"addressCountry":"KR","addressRegion":"Gwangju","addressLocality":"Seo-gu"}},"location":{"type":"GeoProperty","value":{"type":"Point","coordinates":["126.889614","35.152516"]}}},{"id":"urn:region:korea:14000","type":"Region","createdAt":"2020-05-26T20:10:00,000+09:00","modifiedAt":"2020-05-26T20:10:00,000+09:00","address":{"type":"Property","value":{"addressCountry":"KR","addressRegion":"Incheon","addressLocality":"Incheon"}},"location":{"type":"GeoProperty","value":{"type":"Point","coordinates":["126.70592","37.456188"]}}},{"id":"urn:region:korea:14010","type":"Region","createdAt":"2020-05-26T20:10:00,000+09:00","modifiedAt":"2020-05-26T20:10:00,000+09:00","address":{"type":"Property","value":{"addressCountry":"KR","addressRegion":"Incheon","addressLocality":"Ganghwa-gun"}},"location":{"type":"GeoProperty","value":{"type":"Point","coordinates":["126.487777","37.747065"]}}},{"id":"urn:region:korea:14020","type":"Region","createdAt":"2020-05-26T20:10:00,000+09:00","modifiedAt":"2020-05-26T20:10:00,000+09:00","address":{"type":"Property","value":{"addressCountry":"KR","addressRegion":"Incheon","addressLocality":"Gyeyang-gu"}},"location":{"type":"GeoProperty","value":{"type":"Point","coordinates":["126.737712","37.537537"]}}},{"id":"urn:region:korea:14030","type":"Region","createdAt":"2020-05-26T20:10:00,000+09:00","modifiedAt":"2020-05-26T20:10:00,000+09:00","address":{"type":"Property","value":{"addressCountry":"KR","addressRegion":"Incheon","addressLocality":"Michuhol-gu"}},"location":{"type":"GeoProperty","value":{"type":"Point","coordinates":["126.65027","37.463572"]}}},{"id":"urn:region:korea:14040","type":"Region","createdAt":"2020-05-26T20:10:00,000+09:00","modifiedAt":"2020-05-26T20:10:00,000+09:00","address":{"type":"Property","value":{"addressCountry":"KR","addressRegion":"Incheon","addressLocality":"Namdong-gu"}},"location":{"type":"GeoProperty","value":{"type":"Point","coordinates":["126.731429","37.44727"]}}},{"id":"urn:region:korea:14050","type":"Region","createdAt":"2020-05-26T20:10:00,000+09:00","modifiedAt":"2020-05-26T20:10:00,000+09:00","address":{"type":"Property","value":{"addressCountry":"KR","addressRegion":"Incheon","addressLocality":"Dong-gu"}},"location":{"type":"GeoProperty","value":{"type":"Point","coordinates":["126.643266","37.474101"]}}},{"id":"urn:region:korea:14060","type":"Region","createdAt":"2020-05-26T20:10:00,000+09:00","modifiedAt":"2020-05-26T20:10:00,000+09:00","address":{"type":"Property","value":{"addressCountry":"KR","addressRegion":"Incheon","addressLocality":"Bupyeong-gu"}},"location":{"type":"GeoProperty","value":{"type":"Point","coordinates":["126.721804","37.507031"]}}},{"id":"urn:region:korea:14070","type":"Region","createdAt":"2020-05-26T20:10:00,000+09:00","modifiedAt":"2020-05-26T20:10:00,000+09:00","address":{"type":"Property","value":{"addressCountry":"KR","addressRegion":"Incheon","addressLocality":"Seo-gu"}},"location":{"type":"GeoProperty","value":{"type":"Point","coordinates":["126.675994","37.545557"]}}},{"id":"urn:region:korea:14080","type":"Region","createdAt":"2020-05-26T20:10:00,000+09:00","modifiedAt":"2020-05-26T20:10:00,000+09:00","address":{"type":"Property","value":{"addressCountry":"KR","addressRegion":"Incheon","addressLocality":"Yeonsu-gu"}},"location":{"type":"GeoProperty","value":{"type":"Point","coordinates":["126.678309","37.410262"]}}},{"id":"urn:region:korea:14090","type":"Region","createdAt":"2020-05-26T20:10:00,000+09:00","modifiedAt":"2020-05-26T20:10:00,000+09:00","address":{"type":"Property","value":{"addressCountry":"KR","addressRegion":"Incheon","addressLocality":"Ongjin-gun"}},"location":{"type":"GeoProperty","value":{"type":"Point","coordinates":["126.636747","37.446777"]}}},{"id":"urn:region:korea:14100","type":"Region","createdAt":"2020-05-26T20:10:00,000+09:00","modifiedAt":"2020-05-26T20:10:00,000+09:00","address":{"type":"Property","value":{"addressCountry":"KR","addressRegion":"Incheon","addressLocality":"Jung-gu"}},"location":{"type":"GeoProperty","value":{"type":"Point","coordinates":["126.621693","37.473761"]}}},{"id":"urn:region:korea:15000","type":"Region","createdAt":"2020-05-26T20:10:00,000+09:00","modifiedAt":"2020-05-26T20:10:00,000+09:00","address":{"type":"Property","value":{"addressCountry":"KR","addressRegion":"Daejeon","addressLocality":"Daejeon"}},"location":{"type":"GeoProperty","value":{"type":"Point","coordinates":["127.384744","36.350621"]}}},{"id":"urn:region:korea:15010","type":"Region","createdAt":"2020-05-26T20:10:00,000+09:00","modifiedAt":"2020-05-26T20:10:00,000+09:00","address":{"type":"Property","value":{"addressCountry":"KR","addressRegion":"Daejeon","addressLocality":"Daedeok-gu"}},"location":{"type":"GeoProperty","value":{"type":"Point","coordinates":["127.415597","36.346713"]}}},{"id":"urn:region:korea:15020","type":"Region","createdAt":"2020-05-26T20:10:00,000+09:00","modifiedAt":"2020-05-26T20:10:00,000+09:00","address":{"type":"Property","value":{"addressCountry":"KR","addressRegion":"Daejeon","addressLocality":"Dong-gu"}},"location":{"type":"GeoProperty","value":{"type":"Point","coordinates":["127.454742","36.31204"]}}},{"id":"urn:region:korea:15030","type":"Region","createdAt":"2020-05-26T20:10:00,000+09:00","modifiedAt":"2020-05-26T20:10:00,000+09:00","address":{"type":"Property","value":{"addressCountry":"KR","addressRegion":"Daejeon","addressLocality":"Seo-gu"}},"location":{"type":"GeoProperty","value":{"type":"Point","coordinates":["127.383755","36.35553"]}}},{"id":"urn:region:korea:15040","type":"Region","createdAt":"2020-05-26T20:10:00,000+09:00","modifiedAt":"2020-05-26T20:10:00,000+09:00","address":{"type":"Property","value":{"addressCountry":"KR","addressRegion":"Daejeon","addressLocality":"Yuseong-gu"}},"location":{"type":"GeoProperty","value":{"type":"Point","coordinates":["127.356153","36.362226"]}}},{"id":"urn:region:korea:15050","type":"Region","createdAt":"2020-05-26T20:10:00,000+09:00","modifiedAt":"2020-05-26T20:10:00,000+09:00","address":{"type":"Property","value":{"addressCountry":"KR","addressRegion":"Daejeon","addressLocality":"Jung-gu"}},"location":{"type":"GeoProperty","value":{"type":"Point","coordinates":["127.421317","36.325735"]}}},{"id":"urn:region:korea:16000","type":"Region","createdAt":"2020-05-26T20:10:00,000+09:00","modifiedAt":"2020-05-26T20:10:00,000+09:00","address":{"type":"Property","value":{"addressCountry":"KR","addressRegion":"Ulsan","addressLocality":"Ulsan"}},"location":{"type":"GeoProperty","value":{"type":"Point","coordinates":["129.311538","35.539797"]}}},{"id":"urn:region:korea:16010","type":"Region","createdAt":"2020-05-26T20:10:00,000+09:00","modifiedAt":"2020-05-26T20:10:00,000+09:00","address":{"type":"Property","value":{"addressCountry":"KR","addressRegion":"Ulsan","addressLocality":"Nam-gu"}},"location":{"type":"GeoProperty","value":{"type":"Point","coordinates":["129.330047","35.543833"]}}},{"id":"urn:region:korea:16020","type":"Region","createdAt":"2020-05-26T20:10:00,000+09:00","modifiedAt":"2020-05-26T20:10:00,000+09:00","address":{"type":"Property","value":{"addressCountry":"KR","addressRegion":"Ulsan","addressLocality":"Dong-gu"}},"location":{"type":"GeoProperty","value":{"type":"Point","coordinates":["129.416575","35.504806"]}}},{"id":"urn:region:korea:16030","type":"Region","createdAt":"2020-05-26T20:10:00,000+09:00","modifiedAt":"2020-05-26T20:10:00,000+09:00","address":{"type":"Property","value":{"addressCountry":"KR","addressRegion":"Ulsan","addressLocality":"Buk-gu"}},"location":{"type":"GeoProperty","value":{"type":"Point","coordinates":["129.36124","35.582685"]}}},{"id":"urn:region:korea:16040","type":"Region","createdAt":"2020-05-26T20:10:00,000+09:00","modifiedAt":"2020-05-26T20:10:00,000+09:00","address":{"type":"Property","value":{"addressCountry":"KR","addressRegion":"Ulsan","addressLocality":"Ulju-gun"}},"location":{"type":"GeoProperty","value":{"type":"Point","coordinates":["129.242507","35.522126"]}}},{"id":"urn:region:korea:16050","type":"Region","createdAt":"2020-05-26T20:10:00,000+09:00","modifiedAt":"2020-05-26T20:10:00,000+09:00","address":{"type":"Property","value":{"addressCountry":"KR","addressRegion":"Ulsan","addressLocality":"Jung-gu"}},"location":{"type":"GeoProperty","value":{"type":"Point","coordinates":["129.332773","35.569468"]}}},{"id":"urn:region:korea:17000","type":"Region","createdAt":"2020-05-26T20:10:00,000+09:00","modifiedAt":"2020-05-26T20:10:00,000+09:00","address":{"type":"Property","value":{"addressCountry":"KR","addressRegion":"Sejong","addressLocality":"Sejong"}},"location":{"type":"GeoProperty","value":{"type":"Point","coordinates":["127.289021","36.480132"]}}},{"id":"urn:region:korea:20000","type":"Region","createdAt":"2020-05-26T20:10:00,000+09:00","modifiedAt":"2020-05-26T20:10:00,000+09:00","address":{"type":"Property","value":{"addressCountry":"KR","addressRegion":"Gyeonggi-do","addressLocality":"Gyeonggi-do"}},"location":{"type":"GeoProperty","value":{"type":"Point","coordinates":["127.009466","37.275119"]}}},{"id":"urn:region:korea:20010","type":"Region","createdAt":"2020-05-26T20:10:00,000+09:00","modifiedAt":"2020-05-26T20:10:00,000+09:00","address":{"type":"Property","value":{"addressCountry":"KR","addressRegion":"Gyeonggi-do","addressLocality":"Gapyeong-gun"}},"location":{"type":"GeoProperty","value":{"type":"Point","coordinates":["127.509555","37.831297"]}}},{"id":"urn:region:korea:20020","type":"Region","createdAt":"2020-05-26T20:10:00,000+09:00","modifiedAt":"2020-05-26T20:10:00,000+09:00","address":{"type":"Property","value":{"addressCountry":"KR","addressRegion":"Gyeonggi-do","addressLocality":"Goyang-si"}},"location":{"type":"GeoProperty","value":{"type":"Point","coordinates":["126.831961","37.658363"]}}},{"id":"urn:region:korea:20030","type":"Region","createdAt":"2020-05-26T20:10:00,000+09:00","modifiedAt":"2020-05-26T20:10:00,000+09:00","address":{"type":"Property","value":{"addressCountry":"KR","addressRegion":"Gyeonggi-do","addressLocality":"Gwacheon-si"}},"location":{"type":"GeoProperty","value":{"type":"Point","coordinates":["126.987616","37.42915"]}}},{"id":"urn:region:korea:20040","type":"Region","createdAt":"2020-05-26T20:10:00,000+09:00","modifiedAt":"2020-05-26T20:10:00,000+09:00","address":{"type":"Property","value":{"addressCountry":"KR","addressRegion":"Gyeonggi-do","addressLocality":"Gwangmyeong-si"}},"location":{"type":"GeoProperty","value":{"type":"Point","coordinates":["126.864648","37.478541"]}}},{"id":"urn:region:korea:20050","type":"Region","createdAt":"2020-05-26T20:10:00,000+09:00","modifiedAt":"2020-05-26T20:10:00,000+09:00","address":{"type":"Property","value":{"addressCountry":"KR","addressRegion":"Gyeonggi-do","addressLocality":"Gwangju-si"}},"location":{"type":"GeoProperty","value":{"type":"Point","coordinates":["127.255153","37.429322"]}}},{"id":"urn:region:korea:20060","type":"Region","createdAt":"2020-05-26T20:10:00,000+09:00","modifiedAt":"2020-05-26T20:10:00,000+09:00","address":{"type":"Property","value":{"addressCountry":"KR","addressRegion":"Gyeonggi-do","addressLocality":"Guri-si"}},"location":{"type":"GeoProperty","value":{"type":"Point","coordinates":["127.129549","37.594267"]}}},{"id":"urn:region:korea:20070","type":"Region","createdAt":"2020-05-26T20:10:00,000+09:00","modifiedAt":"2020-05-26T20:10:00,000+09:00","address":{"type":"Property","value":{"addressCountry":"KR","addressRegion":"Gyeonggi-do","addressLocality":"Gunpo-si"}},"location":{"type":"GeoProperty","value":{"type":"Point","coordinates":["126.935206","37.361653"]}}},{"id":"urn:region:korea:20080","type":"Region","createdAt":"2020-05-26T20:10:00,000+09:00","modifiedAt":"2020-05-26T20:10:00,000+09:00","address":{"type":"Property","value":{"addressCountry":"KR","addressRegion":"Gyeonggi-do","addressLocality":"Gimpo-si"}},"location":{"type":"GeoProperty","value":{"type":"Point","coordinates":["126.715601","37.615238"]}}},{"id":"urn:region:korea:20090","type":"Region","createdAt":"2020-05-26T20:10:00,000+09:00","modifiedAt":"2020-05-26T20:10:00,000+09:00","address":{"type":"Property","value":{"addressCountry":"KR","addressRegion":"Gyeonggi-do","addressLocality":"Namyangju-si"}},"location":{"type":"GeoProperty","value":{"type":"Point","coordinates":["127.216552","37.635791"]}}},{"id":"urn:region:korea:20100","type":"Region","createdAt":"2020-05-26T20:10:00,000+09:00","modifiedAt":"2020-05-26T20:10:00,000+09:00","address":{"type":"Property","value":{"addressCountry":"KR","addressRegion":"Gyeonggi-do","addressLocality":"Dongducheon-si"}},"location":{"type":"GeoProperty","value":{"type":"Point","coordinates":["127.060347","37.903568"]}}},{"id":"urn:region:korea:20110","type":"Region","createdAt":"2020-05-26T20:10:00,000+09:00","modifiedAt":"2020-05-26T20:10:00,000+09:00","address":{"type":"Property","value":{"addressCountry":"KR","addressRegion":"Gyeonggi-do","addressLocality":"Bucheon-si"}},"location":{"type":"GeoProperty","value":{"type":"Point","coordinates":["126.766049","37.503393"]}}},{"id":"urn:region:korea:20120","type":"Region","createdAt":"2020-05-26T20:10:00,000+09:00","modifiedAt":"2020-05-26T20:10:00,000+09:00","address":{"type":"Property","value":{"addressCountry":"KR","addressRegion":"Gyeonggi-do","addressLocality":"Seongnam-si"}},"location":{"type":"GeoProperty","value":{"type":"Point","coordinates":["127.126703","37.42"]}}},{"id":"urn:region:korea:20130","type":"Region","createdAt":"2020-05-26T20:10:00,000+09:00","modifiedAt":"2020-05-26T20:10:00,000+09:00","address":{"type":"Property","value":{"addressCountry":"KR","addressRegion":"Gyeonggi-do","addressLocality":"Suwon-si"}},"location":{"type":"GeoProperty","value":{"type":"Point","coordinates":["127.028613","37.263376"]}}},{"id":"urn:region:korea:20140","type":"Region","createdAt":"2020-05-26T20:10:00,000+09:00","modifiedAt":"2020-05-26T20:10:00,000+09:00","address":{"type":"Property","value":{"addressCountry":"KR","addressRegion":"Gyeonggi-do","addressLocality":"Siheung-si"}},"location":{"type":"GeoProperty","value":{"type":"Point","coordinates":["126.803009","37.38011"]}}},{"id":"urn:region:korea:20150","type":"Region","createdAt":"2020-05-26T20:10:00,000+09:00","modifiedAt":"2020-05-26T20:10:00,000+09:00","address":{"type":"Property","value":{"addressCountry":"KR","addressRegion":"Gyeonggi-do","addressLocality":"Ansan-si"}},"location":{"type":"GeoProperty","value":{"type":"Point","coordinates":["126.83092","37.321863"]}}},{"id":"urn:region:korea:20160","type":"Region","createdAt":"2020-05-26T20:10:00,000+09:00","modifiedAt":"2020-05-26T20:10:00,000+09:00","address":{"type":"Property","value":{"addressCountry":"KR","addressRegion":"Gyeonggi-do","addressLocality":"Anseong-si"}},"location":{"type":"GeoProperty","value":{"type":"Point","coordinates":["127.279763","37.008008"]}}},{"id":"urn:region:korea:20170","type":"Region","createdAt":"2020-05-26T20:10:00,000+09:00","modifiedAt":"2020-05-26T20:10:00,000+09:00","address":{"type":"Property","value":{"addressCountry":"KR","addressRegion":"Gyeonggi-do","addressLocality":"Anyang-si"}},"location":{"type":"GeoProperty","value":{"type":"Point","coordinates":["126.956752","37.394258"]}}},{"id":"urn:region:korea:20180","type":"Region","createdAt":"2020-05-26T20:10:00,000+09:00","modifiedAt":"2020-05-26T20:10:00,000+09:00","address":{"type":"Property","value":{"addressCountry":"KR","addressRegion":"Gyeonggi-do","addressLocality":"Yangju-si"}},"location":{"type":"GeoProperty","value":{"type":"Point","coordinates":["127.045823","37.785253"]}}},{"id":"urn:region:korea:20190","type":"Region","createdAt":"2020-05-26T20:10:00,000+09:00","modifiedAt":"2020-05-26T20:10:00,000+09:00","address":{"type":"Property","value":{"addressCountry":"KR","addressRegion":"Gyeonggi-do","addressLocality":"Yangpyeong-gun"}},"location":{"type":"GeoProperty","value":{"type":"Point","coordinates":["127.48757","37.491744"]}}},{"id":"urn:region:korea:20200","type":"Region","createdAt":"2020-05-26T20:10:00,000+09:00","modifiedAt":"2020-05-26T20:10:00,000+09:00","address":{"type":"Property","value":{"addressCountry":"KR","addressRegion":"Gyeonggi-do","addressLocality":"Yeoju-si"}},"location":{"type":"GeoProperty","value":{"type":"Point","coordinates":["127.637351","37.298209"]}}},{"id":"urn:region:korea:20210","type":"Region","createdAt":"2020-05-26T20:10:00,000+09:00","modifiedAt":"2020-05-26T20:10:00,000+09:00","address":{"type":"Property","value":{"addressCountry":"KR","addressRegion":"Gyeonggi-do","addressLocality":"Yeoncheon-gun"}},"location":{"type":"GeoProperty","value":{"type":"Point","coordinates":["127.075067","38.096409"]}}},{"id":"urn:region:korea:20220","type":"Region","createdAt":"2020-05-26T20:10:00,000+09:00","modifiedAt":"2020-05-26T20:10:00,000+09:00","address":{"type":"Property","value":{"addressCountry":"KR","addressRegion":"Gyeonggi-do","addressLocality":"Osan-si"}},"location":{"type":"GeoProperty","value":{"type":"Point","coordinates":["127.077461","37.149854"]}}},{"id":"urn:region:korea:20230","type":"Region","createdAt":"2020-05-26T20:10:00,000+09:00","modifiedAt":"2020-05-26T20:10:00,000+09:00","address":{"type":"Property","value":{"addressCountry":"KR","addressRegion":"Gyeonggi-do","addressLocality":"Yongin-si"}},"location":{"type":"GeoProperty","value":{"type":"Point","coordinates":["127.17805","37.240985"]}}},{"id":"urn:region:korea:20240","type":"Region","createdAt":"2020-05-26T20:10:00,000+09:00","modifiedAt":"2020-05-26T20:10:00,000+09:00","address":{"type":"Property","value":{"addressCountry":"KR","addressRegion":"Gyeonggi-do","addressLocality":"Uiwang-si"}},"location":{"type":"GeoProperty","value":{"type":"Point","coordinates":["126.968299","37.344649"]}}},{"id":"urn:region:korea:20250","type":"Region","createdAt":"2020-05-26T20:10:00,000+09:00","modifiedAt":"2020-05-26T20:10:00,000+09:00","address":{"type":"Property","value":{"addressCountry":"KR","addressRegion":"Gyeonggi-do","addressLocality":"Uijeongbu-si"}},"location":{"type":"GeoProperty","value":{"type":"Point","coordinates":["127.033716","37.738058"]}}},{"id":"urn:region:korea:20260","type":"Region","createdAt":"2020-05-26T20:10:00,000+09:00","modifiedAt":"2020-05-26T20:10:00,000+09:00","address":{"type":"Property","value":{"addressCountry":"KR","addressRegion":"Gyeonggi-do","addressLocality":"Icheon-si"}},"location":{"type":"GeoProperty","value":{"type":"Point","coordinates":["127.434991","37.272169"]}}},{"id":"urn:region:korea:20270","type":"Region","createdAt":"2020-05-26T20:10:00,000+09:00","modifiedAt":"2020-05-26T20:10:00,000+09:00","address":{"type":"Property","value":{"addressCountry":"KR","addressRegion":"Gyeonggi-do","addressLocality":"Paju-si"}},"location":{"type":"GeoProperty","value":{"type":"Point","coordinates":["126.7799","37.759818"]}}},{"id":"urn:region:korea:20280","type":"Region","createdAt":"2020-05-26T20:10:00,000+09:00","modifiedAt":"2020-05-26T20:10:00,000+09:00","address":{"type":"Property","value":{"addressCountry":"KR","addressRegion":"Gyeonggi-do","addressLocality":"Pyeongtaek-si"}},"location":{"type":"GeoProperty","value":{"type":"Point","coordinates":["127.112709","36.992293"]}}},{"id":"urn:region:korea:20290","type":"Region","createdAt":"2020-05-26T20:10:00,000+09:00","modifiedAt":"2020-05-26T20:10:00,000+09:00","address":{"type":"Property","value":{"addressCountry":"KR","addressRegion":"Gyeonggi-do","addressLocality":"Pocheon-si"}},"location":{"type":"GeoProperty","value":{"type":"Point","coordinates":["127.200346","37.894881"]}}},{"id":"urn:region:korea:20300","type":"Region","createdAt":"2020-05-26T20:10:00,000+09:00","modifiedAt":"2020-05-26T20:10:00,000+09:00","address":{"type":"Property","value":{"addressCountry":"KR","addressRegion":"Gyeonggi-do","addressLocality":"Hanam-si"}},"location":{"type":"GeoProperty","value":{"type":"Point","coordinates":["127.214944","37.53926"]}}},{"id":"urn:region:korea:20310","type":"Region","createdAt":"2020-05-26T20:10:00,000+09:00","modifiedAt":"2020-05-26T20:10:00,000+09:00","address":{"type":"Property","value":{"addressCountry":"KR","addressRegion":"Gyeonggi-do","addressLocality":"Hwaseong-si"}},"location":{"type":"GeoProperty","value":{"type":"Point","coordinates":["126.83133","37.199536"]}}},{"id":"urn:region:korea:30000","type":"Region","createdAt":"2020-05-26T20:10:00,000+09:00","modifiedAt":"2020-05-26T20:10:00,000+09:00","address":{"type":"Property","value":{"addressCountry":"KR","addressRegion":"Gangwon-do","addressLocality":"Gangwon-do"}},"location":{"type":"GeoProperty","value":{"type":"Point","coordinates":["127.729868","37.885369"]}}},{"id":"urn:region:korea:30010","type":"Region","createdAt":"2020-05-26T20:10:00,000+09:00","modifiedAt":"2020-05-26T20:10:00,000+09:00","address":{"type":"Property","value":{"addressCountry":"KR","addressRegion":"Gangwon-do","addressLocality":"Gangneung-si"}},"location":{"type":"GeoProperty","value":{"type":"Point","coordinates":["128.875928","37.75197"]}}},{"id":"urn:region:korea:30020","type":"Region","createdAt":"2020-05-26T20:10:00,000+09:00","modifiedAt":"2020-05-26T20:10:00,000+09:00","address":{"type":"Property","value":{"addressCountry":"KR","addressRegion":"Gangwon-do","addressLocality":"Goseong-gun"}},"location":{"type":"GeoProperty","value":{"type":"Point","coordinates":["128.467827","38.380571"]}}},{"id":"urn:region:korea:30030","type":"Region","createdAt":"2020-05-26T20:10:00,000+09:00","modifiedAt":"2020-05-26T20:10:00,000+09:00","address":{"type":"Property","value":{"addressCountry":"KR","addressRegion":"Gangwon-do","addressLocality":"Donghae-si"}},"location":{"type":"GeoProperty","value":{"type":"Point","coordinates":["129.114239","37.524689"]}}},{"id":"urn:region:korea:30040","type":"Region","createdAt":"2020-05-26T20:10:00,000+09:00","modifiedAt":"2020-05-26T20:10:00,000+09:00","address":{"type":"Property","value":{"addressCountry":"KR","addressRegion":"Gangwon-do","addressLocality":"Samcheok-si"}},"location":{"type":"GeoProperty","value":{"type":"Point","coordinates":["129.165365","37.449899"]}}},{"id":"urn:region:korea:30050","type":"Region","createdAt":"2020-05-26T20:10:00,000+09:00","modifiedAt":"2020-05-26T20:10:00,000+09:00","address":{"type":"Property","value":{"addressCountry":"KR","addressRegion":"Gangwon-do","addressLocality":"Sokcho-si"}},"location":{"type":"GeoProperty","value":{"type":"Point","coordinates":["128.591861","38.207022"]}}},{"id":"urn:region:korea:30060","type":"Region","createdAt":"2020-05-26T20:10:00,000+09:00","modifiedAt":"2020-05-26T20:10:00,000+09:00","address":{"type":"Property","value":{"addressCountry":"KR","addressRegion":"Gangwon-do","addressLocality":"Yanggu-gun"}},"location":{"type":"GeoProperty","value":{"type":"Point","coordinates":["127.990092","38.110002"]}}},{"id":"urn:region:korea:30070","type":"Region","createdAt":"2020-05-26T20:10:00,000+09:00","modifiedAt":"2020-05-26T20:10:00,000+09:00","address":{"type":"Property","value":{"addressCountry":"KR","addressRegion":"Gangwon-do","addressLocality":"Yangyang-gun"}},"location":{"type":"GeoProperty","value":{"type":"Point","coordinates":["128.619125","38.075405"]}}},{"id":"urn:region:korea:30080","type":"Region","createdAt":"2020-05-26T20:10:00,000+09:00","modifiedAt":"2020-05-26T20:10:00,000+09:00","address":{"type":"Property","value":{"addressCountry":"KR","addressRegion":"Gangwon-do","addressLocality":"Yeongwol-gun"}},"location":{"type":"GeoProperty","value":{"type":"Point","coordinates":["128.461835","37.183694"]}}},{"id":"urn:region:korea:30090","type":"Region","createdAt":"2020-05-26T20:10:00,000+09:00","modifiedAt":"2020-05-26T20:10:00,000+09:00","address":{"type":"Property","value":{"addressCountry":"KR","addressRegion":"Gangwon-do","addressLocality":"Wonju-si"}},"location":{"type":"GeoProperty","value":{"type":"Point","coordinates":["127.919668","37.341963"]}}},{"id":"urn:region:korea:30100","type":"Region","createdAt":"2020-05-26T20:10:00,000+09:00","modifiedAt":"2020-05-26T20:10:00,000+09:00","address":{"type":"Property","value":{"addressCountry":"KR","addressRegion":"Gangwon-do","addressLocality":"Inje-gun"}},"location":{"type":"GeoProperty","value":{"type":"Point","coordinates":["128.170335","38.069682"]}}},{"id":"urn:region:korea:30110","type":"Region","createdAt":"2020-05-26T20:10:00,000+09:00","modifiedAt":"2020-05-26T20:10:00,000+09:00","address":{"type":"Property","value":{"addressCountry":"KR","addressRegion":"Gangwon-do","addressLocality":"Jeongseon-gun"}},"location":{"type":"GeoProperty","value":{"type":"Point","coordinates":["128.660873","37.38062"]}}},{"id":"urn:region:korea:30120","type":"Region","createdAt":"2020-05-26T20:10:00,000+09:00","modifiedAt":"2020-05-26T20:10:00,000+09:00","address":{"type":"Property","value":{"addressCountry":"KR","addressRegion":"Gangwon-do","addressLocality":"Cheorwon-gun"}},"location":{"type":"GeoProperty","value":{"type":"Point","coordinates":["127.3134","38.146693"]}}},{"id":"urn:region:korea:30130","type":"Region","createdAt":"2020-05-26T20:10:00,000+09:00","modifiedAt":"2020-05-26T20:10:00,000+09:00","address":{"type":"Property","value":{"addressCountry":"KR","addressRegion":"Gangwon-do","addressLocality":"Chuncheon-si"}},"location":{"type":"GeoProperty","value":{"type":"Point","coordinates":["127.730088","37.881281"]}}},{"id":"urn:region:korea:30140","type":"Region","createdAt":"2020-05-26T20:10:00,000+09:00","modifiedAt":"2020-05-26T20:10:00,000+09:00","address":{"type":"Property","value":{"addressCountry":"KR","addressRegion":"Gangwon-do","addressLocality":"Taebaek-si"}},"location":{"type":"GeoProperty","value":{"type":"Point","coordinates":["128.985736","37.16406"]}}},{"id":"urn:region:korea:30150","type":"Region","createdAt":"2020-05-26T20:10:00,000+09:00","modifiedAt":"2020-05-26T20:10:00,000+09:00","address":{"type":"Property","value":{"addressCountry":"KR","addressRegion":"Gangwon-do","addressLocality":"Pyeongchang-gun"}},"location":{"type":"GeoProperty","value":{"type":"Point","coordinates":["128.390335","37.370743"]}}},{"id":"urn:region:korea:30160","type":"Region","createdAt":"2020-05-26T20:10:00,000+09:00","modifiedAt":"2020-05-26T20:10:00,000+09:00","address":{"type":"Property","value":{"addressCountry":"KR","addressRegion":"Gangwon-do","addressLocality":"Hongcheon-gun"}},"location":{"type":"GeoProperty","value":{"type":"Point","coordinates":["127.888821","37.697037"]}}},{"id":"urn:region:korea:30170","type":"Region","createdAt":"2020-05-26T20:10:00,000+09:00","modifiedAt":"2020-05-26T20:10:00,000+09:00","address":{"type":"Property","value":{"addressCountry":"KR","addressRegion":"Gangwon-do","addressLocality":"Hwacheon-gun"}},"location":{"type":"GeoProperty","value":{"type":"Point","coordinates":["127.708163","38.106152"]}}},{"id":"urn:region:korea:30180","type":"Region","createdAt":"2020-05-26T20:10:00,000+09:00","modifiedAt":"2020-05-26T20:10:00,000+09:00","address":{"type":"Property","value":{"addressCountry":"KR","addressRegion":"Gangwon-do","addressLocality":"Hoengseong-gun"}},"location":{"type":"GeoProperty","value":{"type":"Point","coordinates":["127.985042","37.491702"]}}},{"id":"urn:region:korea:40000","type":"Region","createdAt":"2020-05-26T20:10:00,000+09:00","modifiedAt":"2020-05-26T20:10:00,000+09:00","address":{"type":"Property","value":{"addressCountry":"KR","addressRegion":"Chungcheongbuk-do","addressLocality":"Chungcheongbuk-do"}},"location":{"type":"GeoProperty","value":{"type":"Point","coordinates":["127.491384","36.63568"]}}},{"id":"urn:region:korea:40010","type":"Region","createdAt":"2020-05-26T20:10:00,000+09:00","modifiedAt":"2020-05-26T20:10:00,000+09:00","address":{"type":"Property","value":{"addressCountry":"KR","addressRegion":"Chungcheongbuk-do","addressLocality":"Goesan-gun"}},"location":{"type":"GeoProperty","value":{"type":"Point","coordinates":["127.786651","36.81534"]}}},{"id":"urn:region:korea:40020","type":"Region","createdAt":"2020-05-26T20:10:00,000+09:00","modifiedAt":"2020-05-26T20:10:00,000+09:00","address":{"type":"Property","value":{"addressCountry":"KR","addressRegion":"Chungcheongbuk-do","addressLocality":"Danyang-gun"}},"location":{"type":"GeoProperty","value":{"type":"Point","coordinates":["128.365476","36.984657"]}}},{"id":"urn:region:korea:40030","type":"Region","createdAt":"2020-05-26T20:10:00,000+09:00","modifiedAt":"2020-05-26T20:10:00,000+09:00","address":{"type":"Property","value":{"addressCountry":"KR","addressRegion":"Chungcheongbuk-do","addressLocality":"Boeun-gun"}},"location":{"type":"GeoProperty","value":{"type":"Point","coordinates":["127.729503","36.489402"]}}},{"id":"urn:region:korea:40040","type":"Region","createdAt":"2020-05-26T20:10:00,000+09:00","modifiedAt":"2020-05-26T20:10:00,000+09:00","address":{"type":"Property","value":{"addressCountry":"KR","addressRegion":"Chungcheongbuk-do","addressLocality":"Yeongdong-gun"}},"location":{"type":"GeoProperty","value":{"type":"Point","coordinates":["127.783431","36.175017"]}}},{"id":"urn:region:korea:40050","type":"Region","createdAt":"2020-05-26T20:10:00,000+09:00","modifiedAt":"2020-05-26T20:10:00,000+09:00","address":{"type":"Property","value":{"addressCountry":"KR","addressRegion":"Chungcheongbuk-do","addressLocality":"Okcheon-gun"}},"location":{"type":"GeoProperty","value":{"type":"Point","coordinates":["127.57128","36.306367"]}}},{"id":"urn:region:korea:40060","type":"Region","createdAt":"2020-05-26T20:10:00,000+09:00","modifiedAt":"2020-05-26T20:10:00,000+09:00","address":{"type":"Property","value":{"addressCountry":"KR","addressRegion":"Chungcheongbuk-do","addressLocality":"Eumseong-gun"}},"location":{"type":"GeoProperty","value":{"type":"Point","coordinates":["127.690502","36.940237"]}}},{"id":"urn:region:korea:40070","type":"Region","createdAt":"2020-05-26T20:10:00,000+09:00","modifiedAt":"2020-05-26T20:10:00,000+09:00","address":{"type":"Property","value":{"addressCountry":"KR","addressRegion":"Chungcheongbuk-do","addressLocality":"Jecheon-si"}},"location":{"type":"GeoProperty","value":{"type":"Point","coordinates":["128.190946","37.132583"]}}},{"id":"urn:region:korea:40080","type":"Region","createdAt":"2020-05-26T20:10:00,000+09:00","modifiedAt":"2020-05-26T20:10:00,000+09:00","address":{"type":"Property","value":{"addressCountry":"KR","addressRegion":"Chungcheongbuk-do","addressLocality":"Jeungpyeong-gun"}},"location":{"type":"GeoProperty","value":{"type":"Point","coordinates":["127.581481","36.785301"]}}},{"id":"urn:region:korea:40090","type":"Region","createdAt":"2020-05-26T20:10:00,000+09:00","modifiedAt":"2020-05-26T20:10:00,000+09:00","address":{"type":"Property","value":{"addressCountry":"KR","addressRegion":"Chungcheongbuk-do","addressLocality":"Jincheon-gun"}},"location":{"type":"GeoProperty","value":{"type":"Point","coordinates":["127.435635","36.855374"]}}},{"id":"urn:region:korea:40100","type":"Region","createdAt":"2020-05-26T20:10:00,000+09:00","modifiedAt":"2020-05-26T20:10:00,000+09:00","address":{"type":"Property","value":{"addressCountry":"KR","addressRegion":"Chungcheongbuk-do","addressLocality":"Cheongju-si"}},"location":{"type":"GeoProperty","value":{"type":"Point","coordinates":["127.488759","36.641876"]}}},{"id":"urn:region:korea:40110","type":"Region","createdAt":"2020-05-26T20:10:00,000+09:00","modifiedAt":"2020-05-26T20:10:00,000+09:00","address":{"type":"Property","value":{"addressCountry":"KR","addressRegion":"Chungcheongbuk-do","addressLocality":"Chungju-si"}},"location":{"type":"GeoProperty","value":{"type":"Point","coordinates":["127.925946","36.991009"]}}},{"id":"urn:region:korea:41000","type":"Region","createdAt":"2020-05-26T20:10:00,000+09:00","modifiedAt":"2020-05-26T20:10:00,000+09:00","address":{"type":"Property","value":{"addressCountry":"KR","addressRegion":"Chungcheongnam-do","addressLocality":"Chungcheongnam-do"}},"location":{"type":"GeoProperty","value":{"type":"Point","coordinates":["126.673318","36.658976"]}}},{"id":"urn:region:korea:41010","type":"Region","createdAt":"2020-05-26T20:10:00,000+09:00","modifiedAt":"2020-05-26T20:10:00,000+09:00","address":{"type":"Property","value":{"addressCountry":"KR","addressRegion":"Chungcheongnam-do","addressLocality":"Gyeryong-si"}},"location":{"type":"GeoProperty","value":{"type":"Point","coordinates":["127.248557","36.274481"]}}},{"id":"urn:region:korea:41020","type":"Region","createdAt":"2020-05-26T20:10:00,000+09:00","modifiedAt":"2020-05-26T20:10:00,000+09:00","address":{"type":"Property","value":{"addressCountry":"KR","addressRegion":"Chungcheongnam-do","addressLocality":"Gongju-si"}},"location":{"type":"GeoProperty","value":{"type":"Point","coordinates":["127.11903","36.446508"]}}},{"id":"urn:region:korea:41030","type":"Region","createdAt":"2020-05-26T20:10:00,000+09:00","modifiedAt":"2020-05-26T20:10:00,000+09:00","address":{"type":"Property","value":{"addressCountry":"KR","addressRegion":"Chungcheongnam-do","addressLocality":"Geumsan-gun"}},"location":{"type":"GeoProperty","value":{"type":"Point","coordinates":["127.487966","36.108887"]}}},{"id":"urn:region:korea:41040","type":"Region","createdAt":"2020-05-26T20:10:00,000+09:00","modifiedAt":"2020-05-26T20:10:00,000+09:00","address":{"type":"Property","value":{"addressCountry":"KR","addressRegion":"Chungcheongnam-do","addressLocality":"Nonsan-si"}},"location":{"type":"GeoProperty","value":{"type":"Point","coordinates":["127.098959","36.187076"]}}},{"id":"urn:region:korea:41050","type":"Region","createdAt":"2020-05-26T20:10:00,000+09:00","modifiedAt":"2020-05-26T20:10:00,000+09:00","address":{"type":"Property","value":{"addressCountry":"KR","addressRegion":"Chungcheongnam-do","addressLocality":"Dangjin-si"}},"location":{"type":"GeoProperty","value":{"type":"Point","coordinates":["126.645814","36.889777"]}}},{"id":"urn:region:korea:41060","type":"Region","createdAt":"2020-05-26T20:10:00,000+09:00","modifiedAt":"2020-05-26T20:10:00,000+09:00","address":{"type":"Property","value":{"addressCountry":"KR","addressRegion":"Chungcheongnam-do","addressLocality":"Boryeong-si"}},"location":{"type":"GeoProperty","value":{"type":"Point","coordinates":["126.612679","36.333317"]}}},{"id":"urn:region:korea:41070","type":"Region","createdAt":"2020-05-26T20:10:00,000+09:00","modifiedAt":"2020-05-26T20:10:00,000+09:00","address":{"type":"Property","value":{"addressCountry":"KR","addressRegion":"Chungcheongnam-do","addressLocality":"Buyeo-gun"}},"location":{"type":"GeoProperty","value":{"type":"Point","coordinates":["126.90979","36.275673"]}}},{"id":"urn:region:korea:41080","type":"Region","createdAt":"2020-05-26T20:10:00,000+09:00","modifiedAt":"2020-05-26T20:10:00,000+09:00","address":{"type":"Property","value":{"addressCountry":"KR","addressRegion":"Chungcheongnam-do","addressLocality":"Seosan-si"}},"location":{"type":"GeoProperty","value":{"type":"Point","coordinates":["126.450289","36.784751"]}}},{"id":"urn:region:korea:41090","type":"Region","createdAt":"2020-05-26T20:10:00,000+09:00","modifiedAt":"2020-05-26T20:10:00,000+09:00","address":{"type":"Property","value":{"addressCountry":"KR","addressRegion":"Chungcheongnam-do","addressLocality":"Seocheon-gun"}},"location":{"type":"GeoProperty","value":{"type":"Point","coordinates":["126.691394","36.080266"]}}},{"id":"urn:region:korea:41100","type":"Region","createdAt":"2020-05-26T20:10:00,000+09:00","modifiedAt":"2020-05-26T20:10:00,000+09:00","address":{"type":"Property","value":{"addressCountry":"KR","addressRegion":"Chungcheongnam-do","addressLocality":"Asan-si"}},"location":{"type":"GeoProperty","value":{"type":"Point","coordinates":["127.00242","36.789844"]}}},{"id":"urn:region:korea:41110","type":"Region","createdAt":"2020-05-26T20:10:00,000+09:00","modifiedAt":"2020-05-26T20:10:00,000+09:00","address":{"type":"Property","value":{"addressCountry":"KR","addressRegion":"Chungcheongnam-do","addressLocality":"Yesan-gun"}},"location":{"type":"GeoProperty","value":{"type":"Point","coordinates":["126.844687","36.680222"]}}},{"id":"urn:region:korea:41120","type":"Region","createdAt":"2020-05-26T20:10:00,000+09:00","modifiedAt":"2020-05-26T20:10:00,000+09:00","address":{"type":"Property","value":{"addressCountry":"KR","addressRegion":"Chungcheongnam-do","addressLocality":"Cheonan-si"}},"location":{"type":"GeoProperty","value":{"type":"Point","coordinates":["127.113868","36.81498"]}}},{"id":"urn:region:korea:41130","type":"Region","createdAt":"2020-05-26T20:10:00,000+09:00","modifiedAt":"2020-05-26T20:10:00,000+09:00","address":{"type":"Property","value":{"addressCountry":"KR","addressRegion":"Chungcheongnam-do","addressLocality":"Cheongyang-gun"}},"location":{"type":"GeoProperty","value":{"type":"Point","coordinates":["126.802333","36.459129"]}}},{"id":"urn:region:korea:41140","type":"Region","createdAt":"2020-05-26T20:10:00,000+09:00","modifiedAt":"2020-05-26T20:10:00,000+09:00","address":{"type":"Property","value":{"addressCountry":"KR","addressRegion":"Chungcheongnam-do","addressLocality":"Taean-gun"}},"location":{"type":"GeoProperty","value":{"type":"Point","coordinates":["126.29795","36.745577"]}}},{"id":"urn:region:korea:41150","type":"Region","createdAt":"2020-05-26T20:10:00,000+09:00","modifiedAt":"2020-05-26T20:10:00,000+09:00","address":{"type":"Property","value":{"addressCountry":"KR","addressRegion":"Chungcheongnam-do","addressLocality":"Hongseong-gun"}},"location":{"type":"GeoProperty","value":{"type":"Point","coordinates":["126.660772","36.60126"]}}},{"id":"urn:region:korea:50000","type":"Region","createdAt":"2020-05-26T20:10:00,000+09:00","modifiedAt":"2020-05-26T20:10:00,000+09:00","address":{"type":"Property","value":{"addressCountry":"KR","addressRegion":"Jeollabuk-do","addressLocality":"Jeollabuk-do"}},"location":{"type":"GeoProperty","value":{"type":"Point","coordinates":["127.108791","35.820308"]}}},{"id":"urn:region:korea:50010","type":"Region","createdAt":"2020-05-26T20:10:00,000+09:00","modifiedAt":"2020-05-26T20:10:00,000+09:00","address":{"type":"Property","value":{"addressCountry":"KR","addressRegion":"Jeollabuk-do","addressLocality":"Gochang-gun"}},"location":{"type":"GeoProperty","value":{"type":"Point","coordinates":["126.702152","35.435767"]}}},{"id":"urn:region:korea:50020","type":"Region","createdAt":"2020-05-26T20:10:00,000+09:00","modifiedAt":"2020-05-26T20:10:00,000+09:00","address":{"type":"Property","value":{"addressCountry":"KR","addressRegion":"Jeollabuk-do","addressLocality":"Gunsan-si"}},"location":{"type":"GeoProperty","value":{"type":"Point","coordinates":["126.737011","35.967631"]}}},{"id":"urn:region:korea:50030","type":"Region","createdAt":"2020-05-26T20:10:00,000+09:00","modifiedAt":"2020-05-26T20:10:00,000+09:00","address":{"type":"Property","value":{"addressCountry":"KR","addressRegion":"Jeollabuk-do","addressLocality":"Gimje-si"}},"location":{"type":"GeoProperty","value":{"type":"Point","coordinates":["126.880507","35.803506"]}}},{"id":"urn:region:korea:50040","type":"Region","createdAt":"2020-05-26T20:10:00,000+09:00","modifiedAt":"2020-05-26T20:10:00,000+09:00","address":{"type":"Property","value":{"addressCountry":"KR","addressRegion":"Jeollabuk-do","addressLocality":"Namwon-si"}},"location":{"type":"GeoProperty","value":{"type":"Point","coordinates":["127.390265","35.416349"]}}},{"id":"urn:region:korea:50050","type":"Region","createdAt":"2020-05-26T20:10:00,000+09:00","modifiedAt":"2020-05-26T20:10:00,000+09:00","address":{"type":"Property","value":{"addressCountry":"KR","addressRegion":"Jeollabuk-do","addressLocality":"Muju-gun"}},"location":{"type":"GeoProperty","value":{"type":"Point","coordinates":["127.660789","36.006777"]}}},{"id":"urn:region:korea:50060","type":"Region","createdAt":"2020-05-26T20:10:00,000+09:00","modifiedAt":"2020-05-26T20:10:00,000+09:00","address":{"type":"Property","value":{"addressCountry":"KR","addressRegion":"Jeollabuk-do","addressLocality":"Buan-gun"}},"location":{"type":"GeoProperty","value":{"type":"Point","coordinates":["126.733347","35.731805"]}}},{"id":"urn:region:korea:50070","type":"Region","createdAt":"2020-05-26T20:10:00,000+09:00","modifiedAt":"2020-05-26T20:10:00,000+09:00","address":{"type":"Property","value":{"addressCountry":"KR","addressRegion":"Jeollabuk-do","addressLocality":"Sunchang-gun"}},"location":{"type":"GeoProperty","value":{"type":"Point","coordinates":["127.137597","35.374421"]}}},{"id":"urn:region:korea:50080","type":"Region","createdAt":"2020-05-26T20:10:00,000+09:00","modifiedAt":"2020-05-26T20:10:00,000+09:00","address":{"type":"Property","value":{"addressCountry":"KR","addressRegion":"Jeollabuk-do","addressLocality":"Wanju-gun"}},"location":{"type":"GeoProperty","value":{"type":"Point","coordinates":["127.162209","35.904724"]}}},{"id":"urn:region:korea:50090","type":"Region","createdAt":"2020-05-26T20:10:00,000+09:00","modifiedAt":"2020-05-26T20:10:00,000+09:00","address":{"type":"Property","value":{"addressCountry":"KR","addressRegion":"Jeollabuk-do","addressLocality":"Iksan-si"}},"location":{"type":"GeoProperty","value":{"type":"Point","coordinates":["126.957792","35.948229"]}}},{"id":"urn:region:korea:50100","type":"Region","createdAt":"2020-05-26T20:10:00,000+09:00","modifiedAt":"2020-05-26T20:10:00,000+09:00","address":{"type":"Property","value":{"addressCountry":"KR","addressRegion":"Jeollabuk-do","addressLocality":"Imsil-gun"}},"location":{"type":"GeoProperty","value":{"type":"Point","coordinates":["127.288868","35.617891"]}}},{"id":"urn:region:korea:50110","type":"Region","createdAt":"2020-05-26T20:10:00,000+09:00","modifiedAt":"2020-05-26T20:10:00,000+09:00","address":{"type":"Property","value":{"addressCountry":"KR","addressRegion":"Jeollabuk-do","addressLocality":"Jangsu-gun"}},"location":{"type":"GeoProperty","value":{"type":"Point","coordinates":["127.521204","35.647281"]}}},{"id":"urn:region:korea:50120","type":"Region","createdAt":"2020-05-26T20:10:00,000+09:00","modifiedAt":"2020-05-26T20:10:00,000+09:00","address":{"type":"Property","value":{"addressCountry":"KR","addressRegion":"Jeollabuk-do","addressLocality":"Jeonju-si"}},"location":{"type":"GeoProperty","value":{"type":"Point","coordinates":["127.14805","35.824069"]}}},{"id":"urn:region:korea:50130","type":"Region","createdAt":"2020-05-26T20:10:00,000+09:00","modifiedAt":"2020-05-26T20:10:00,000+09:00","address":{"type":"Property","value":{"addressCountry":"KR","addressRegion":"Jeollabuk-do","addressLocality":"Jeongeup-si"}},"location":{"type":"GeoProperty","value":{"type":"Point","coordinates":["126.856148","35.569768"]}}},{"id":"urn:region:korea:50140","type":"Region","createdAt":"2020-05-26T20:10:00,000+09:00","modifiedAt":"2020-05-26T20:10:00,000+09:00","address":{"type":"Property","value":{"addressCountry":"KR","addressRegion":"Jeollabuk-do","addressLocality":"Jinan-gun"}},"location":{"type":"GeoProperty","value":{"type":"Point","coordinates":["127.424806","35.791669"]}}},{"id":"urn:region:korea:51000","type":"Region","createdAt":"2020-05-26T20:10:00,000+09:00","modifiedAt":"2020-05-26T20:10:00,000+09:00","address":{"type":"Property","value":{"addressCountry":"KR","addressRegion":"Jeollanam-do","addressLocality":"Jeollanam-do"}},"location":{"type":"GeoProperty","value":{"type":"Point","coordinates":["126.463021","34.816095"]}}},{"id":"urn:region:korea:51010","type":"Region","createdAt":"2020-05-26T20:10:00,000+09:00","modifiedAt":"2020-05-26T20:10:00,000+09:00","address":{"type":"Property","value":{"addressCountry":"KR","addressRegion":"Jeollanam-do","addressLocality":"Gangjin-gun"}},"location":{"type":"GeoProperty","value":{"type":"Point","coordinates":["126.767267","34.642006"]}}},{"id":"urn:region:korea:51020","type":"Region","createdAt":"2020-05-26T20:10:00,000+09:00","modifiedAt":"2020-05-26T20:10:00,000+09:00","address":{"type":"Property","value":{"addressCountry":"KR","addressRegion":"Jeollanam-do","addressLocality":"Goheung-gun"}},"location":{"type":"GeoProperty","value":{"type":"Point","coordinates":["127.285055","34.61117"]}}},{"id":"urn:region:korea:51030","type":"Region","createdAt":"2020-05-26T20:10:00,000+09:00","modifiedAt":"2020-05-26T20:10:00,000+09:00","address":{"type":"Property","value":{"addressCountry":"KR","addressRegion":"Jeollanam-do","addressLocality":"Gokseong-gun"}},"location":{"type":"GeoProperty","value":{"type":"Point","coordinates":["127.292107","35.282015"]}}},{"id":"urn:region:korea:51040","type":"Region","createdAt":"2020-05-26T20:10:00,000+09:00","modifiedAt":"2020-05-26T20:10:00,000+09:00","address":{"type":"Property","value":{"addressCountry":"KR","addressRegion":"Jeollanam-do","addressLocality":"Gwangyang-si"}},"location":{"type":"GeoProperty","value":{"type":"Point","coordinates":["127.696142","34.940611"]}}},{"id":"urn:region:korea:51050","type":"Region","createdAt":"2020-05-26T20:10:00,000+09:00","modifiedAt":"2020-05-26T20:10:00,000+09:00","address":{"type":"Property","value":{"addressCountry":"KR","addressRegion":"Jeollanam-do","addressLocality":"Gurye-gun"}},"location":{"type":"GeoProperty","value":{"type":"Point","coordinates":["127.462789","35.202521"]}}},{"id":"urn:region:korea:51060","type":"Region","createdAt":"2020-05-26T20:10:00,000+09:00","modifiedAt":"2020-05-26T20:10:00,000+09:00","address":{"type":"Property","value":{"addressCountry":"KR","addressRegion":"Jeollanam-do","addressLocality":"Naju-si"}},"location":{"type":"GeoProperty","value":{"type":"Point","coordinates":["126.710826","35.015818"]}}},{"id":"urn:region:korea:51070","type":"Region","createdAt":"2020-05-26T20:10:00,000+09:00","modifiedAt":"2020-05-26T20:10:00,000+09:00","address":{"type":"Property","value":{"addressCountry":"KR","addressRegion":"Jeollanam-do","addressLocality":"Damyang-gun"}},"location":{"type":"GeoProperty","value":{"type":"Point","coordinates":["126.988229","35.321144"]}}},{"id":"urn:region:korea:51080","type":"Region","createdAt":"2020-05-26T20:10:00,000+09:00","modifiedAt":"2020-05-26T20:10:00,000+09:00","address":{"type":"Property","value":{"addressCountry":"KR","addressRegion":"Jeollanam-do","addressLocality":"Mokpo-si"}},"location":{"type":"GeoProperty","value":{"type":"Point","coordinates":["126.392198","34.811809"]}}},{"id":"urn:region:korea:51090","type":"Region","createdAt":"2020-05-26T20:10:00,000+09:00","modifiedAt":"2020-05-26T20:10:00,000+09:00","address":{"type":"Property","value":{"addressCountry":"KR","addressRegion":"Jeollanam-do","addressLocality":"Muan-gun"}},"location":{"type":"GeoProperty","value":{"type":"Point","coordinates":["126.481653","34.990368"]}}},{"id":"urn:region:korea:51100","type":"Region","createdAt":"2020-05-26T20:10:00,000+09:00","modifiedAt":"2020-05-26T20:10:00,000+09:00","address":{"type":"Property","value":{"addressCountry":"KR","addressRegion":"Jeollanam-do","addressLocality":"Boseong-gun"}},"location":{"type":"GeoProperty","value":{"type":"Point","coordinates":["127.080097","34.771453"]}}},{"id":"urn:region:korea:51110","type":"Region","createdAt":"2020-05-26T20:10:00,000+09:00","modifiedAt":"2020-05-26T20:10:00,000+09:00","address":{"type":"Property","value":{"addressCountry":"KR","addressRegion":"Jeollanam-do","addressLocality":"Suncheon-si"}},"location":{"type":"GeoProperty","value":{"type":"Point","coordinates":["127.487396","34.950592"]}}},{"id":"urn:region:korea:51120","type":"Region","createdAt":"2020-05-26T20:10:00,000+09:00","modifiedAt":"2020-05-26T20:10:00,000+09:00","address":{"type":"Property","value":{"addressCountry":"KR","addressRegion":"Jeollanam-do","addressLocality":"Sinan-gun"}},"location":{"type":"GeoProperty","value":{"type":"Point","coordinates":["126.351636","34.833564"]}}},{"id":"urn:region:korea:51130","type":"Region","createdAt":"2020-05-26T20:10:00,000+09:00","modifiedAt":"2020-05-26T20:10:00,000+09:00","address":{"type":"Property","value":{"addressCountry":"KR","addressRegion":"Jeollanam-do","addressLocality":"Yeosu-si"}},"location":{"type":"GeoProperty","value":{"type":"Point","coordinates":["127.662287","34.760421"]}}},{"id":"urn:region:korea:51140","type":"Region","createdAt":"2020-05-26T20:10:00,000+09:00","modifiedAt":"2020-05-26T20:10:00,000+09:00","address":{"type":"Property","value":{"addressCountry":"KR","addressRegion":"Jeollanam-do","addressLocality":"Yeonggwang-gun"}},"location":{"type":"GeoProperty","value":{"type":"Point","coordinates":["126.512087","35.277188"]}}},{"id":"urn:region:korea:51150","type":"Region","createdAt":"2020-05-26T20:10:00,000+09:00","modifiedAt":"2020-05-26T20:10:00,000+09:00","address":{"type":"Property","value":{"addressCountry":"KR","addressRegion":"Jeollanam-do","addressLocality":"Yeongam-gun"}},"location":{"type":"GeoProperty","value":{"type":"Point","coordinates":["126.696802","34.800192"]}}},{"id":"urn:region:korea:51160","type":"Region","createdAt":"2020-05-26T20:10:00,000+09:00","modifiedAt":"2020-05-26T20:10:00,000+09:00","address":{"type":"Property","value":{"addressCountry":"KR","addressRegion":"Jeollanam-do","addressLocality":"Wando-gun"}},"location":{"type":"GeoProperty","value":{"type":"Point","coordinates":["126.755076","34.310983"]}}},{"id":"urn:region:korea:51170","type":"Region","createdAt":"2020-05-26T20:10:00,000+09:00","modifiedAt":"2020-05-26T20:10:00,000+09:00","address":{"type":"Property","value":{"addressCountry":"KR","addressRegion":"Jeollanam-do","addressLocality":"Jangseong-gun"}},"location":{"type":"GeoProperty","value":{"type":"Point","coordinates":["126.784893","35.301826"]}}},{"id":"urn:region:korea:51180","type":"Region","createdAt":"2020-05-26T20:10:00,000+09:00","modifiedAt":"2020-05-26T20:10:00,000+09:00","address":{"type":"Property","value":{"addressCountry":"KR","addressRegion":"Jeollanam-do","addressLocality":"Jangheung-gun"}},"location":{"type":"GeoProperty","value":{"type":"Point","coordinates":["126.90708","34.681616"]}}},{"id":"urn:region:korea:51190","type":"Region","createdAt":"2020-05-26T20:10:00,000+09:00","modifiedAt":"2020-05-26T20:10:00,000+09:00","address":{"type":"Property","value":{"addressCountry":"KR","addressRegion":"Jeollanam-do","addressLocality":"Jindo-gun"}},"location":{"type":"GeoProperty","value":{"type":"Point","coordinates":["126.263554","34.486834"]}}},{"id":"urn:region:korea:51200","type":"Region","createdAt":"2020-05-26T20:10:00,000+09:00","modifiedAt":"2020-05-26T20:10:00,000+09:00","address":{"type":"Property","value":{"addressCountry":"KR","addressRegion":"Jeollanam-do","addressLocality":"Hampyeong-gun"}},"location":{"type":"GeoProperty","value":{"type":"Point","coordinates":["126.516688","35.065927"]}}},{"id":"urn:region:korea:51210","type":"Region","createdAt":"2020-05-26T20:10:00,000+09:00","modifiedAt":"2020-05-26T20:10:00,000+09:00","address":{"type":"Property","value":{"addressCountry":"KR","addressRegion":"Jeollanam-do","addressLocality":"Haenam-gun"}},"location":{"type":"GeoProperty","value":{"type":"Point","coordinates":["126.59925","34.573374"]}}},{"id":"urn:region:korea:51220","type":"Region","createdAt":"2020-05-26T20:10:00,000+09:00","modifiedAt":"2020-05-26T20:10:00,000+09:00","address":{"type":"Property","value":{"addressCountry":"KR","addressRegion":"Jeollanam-do","addressLocality":"Hwasun-gun"}},"location":{"type":"GeoProperty","value":{"type":"Point","coordinates":["126.986643","35.064456"]}}},{"id":"urn:region:korea:60000","type":"Region","createdAt":"2020-05-26T20:10:00,000+09:00","modifiedAt":"2020-05-26T20:10:00,000+09:00","address":{"type":"Property","value":{"addressCountry":"KR","addressRegion":"Gyeongsangbuk-do","addressLocality":"Gyeongsangbuk-do"}},"location":{"type":"GeoProperty","value":{"type":"Point","coordinates":["128.505599","36.576032"]}}},{"id":"urn:region:korea:60010","type":"Region","createdAt":"2020-05-26T20:10:00,000+09:00","modifiedAt":"2020-05-26T20:10:00,000+09:00","address":{"type":"Property","value":{"addressCountry":"KR","addressRegion":"Gyeongsangbuk-do","addressLocality":"Gyeongsan-si"}},"location":{"type":"GeoProperty","value":{"type":"Point","coordinates":["128.741544","35.825056"]}}},{"id":"urn:region:korea:60020","type":"Region","createdAt":"2020-05-26T20:10:00,000+09:00","modifiedAt":"2020-05-26T20:10:00,000+09:00","address":{"type":"Property","value":{"addressCountry":"KR","addressRegion":"Gyeongsangbuk-do","addressLocality":"Gyeongju-si"}},"location":{"type":"GeoProperty","value":{"type":"Point","coordinates":["129.224796","35.856185"]}}},{"id":"urn:region:korea:60030","type":"Region","createdAt":"2020-05-26T20:10:00,000+09:00","modifiedAt":"2020-05-26T20:10:00,000+09:00","address":{"type":"Property","value":{"addressCountry":"KR","addressRegion":"Gyeongsangbuk-do","addressLocality":"Goryeong-gun"}},"location":{"type":"GeoProperty","value":{"type":"Point","coordinates":["128.26295","35.72615"]}}},{"id":"urn:region:korea:60040","type":"Region","createdAt":"2020-05-26T20:10:00,000+09:00","modifiedAt":"2020-05-26T20:10:00,000+09:00","address":{"type":"Property","value":{"addressCountry":"KR","addressRegion":"Gyeongsangbuk-do","addressLocality":"Gumi-si"}},"location":{"type":"GeoProperty","value":{"type":"Point","coordinates":["128.344295","36.119641"]}}},{"id":"urn:region:korea:60050","type":"Region","createdAt":"2020-05-26T20:10:00,000+09:00","modifiedAt":"2020-05-26T20:10:00,000+09:00","address":{"type":"Property","value":{"addressCountry":"KR","addressRegion":"Gyeongsangbuk-do","addressLocality":"Gunwi-gun"}},"location":{"type":"GeoProperty","value":{"type":"Point","coordinates":["128.572939","36.242926"]}}},{"id":"urn:region:korea:60060","type":"Region","createdAt":"2020-05-26T20:10:00,000+09:00","modifiedAt":"2020-05-26T20:10:00,000+09:00","address":{"type":"Property","value":{"addressCountry":"KR","addressRegion":"Gyeongsangbuk-do","addressLocality":"Gimcheon-si"}},"location":{"type":"GeoProperty","value":{"type":"Point","coordinates":["128.11365","36.139875"]}}},{"id":"urn:region:korea:60070","type":"Region","createdAt":"2020-05-26T20:10:00,000+09:00","modifiedAt":"2020-05-26T20:10:00,000+09:00","address":{"type":"Property","value":{"addressCountry":"KR","addressRegion":"Gyeongsangbuk-do","addressLocality":"Mungyeong-si"}},"location":{"type":"GeoProperty","value":{"type":"Point","coordinates":["128.18709","36.586831"]}}},{"id":"urn:region:korea:60080","type":"Region","createdAt":"2020-05-26T20:10:00,000+09:00","modifiedAt":"2020-05-26T20:10:00,000+09:00","address":{"type":"Property","value":{"addressCountry":"KR","addressRegion":"Gyeongsangbuk-do","addressLocality":"Bonghwa-gun"}},"location":{"type":"GeoProperty","value":{"type":"Point","coordinates":["128.732568","36.893099"]}}},{"id":"urn:region:korea:60090","type":"Region","createdAt":"2020-05-26T20:10:00,000+09:00","modifiedAt":"2020-05-26T20:10:00,000+09:00","address":{"type":"Property","value":{"addressCountry":"KR","addressRegion":"Gyeongsangbuk-do","addressLocality":"Sangju-si"}},"location":{"type":"GeoProperty","value":{"type":"Point","coordinates":["128.159024","36.410977"]}}},{"id":"urn:region:korea:60100","type":"Region","createdAt":"2020-05-26T20:10:00,000+09:00","modifiedAt":"2020-05-26T20:10:00,000+09:00","address":{"type":"Property","value":{"addressCountry":"KR","addressRegion":"Gyeongsangbuk-do","addressLocality":"Seongju-gun"}},"location":{"type":"GeoProperty","value":{"type":"Point","coordinates":["128.283237","35.919325"]}}},{"id":"urn:region:korea:60110","type":"Region","createdAt":"2020-05-26T20:10:00,000+09:00","modifiedAt":"2020-05-26T20:10:00,000+09:00","address":{"type":"Property","value":{"addressCountry":"KR","addressRegion":"Gyeongsangbuk-do","addressLocality":"Andong-si"}},"location":{"type":"GeoProperty","value":{"type":"Point","coordinates":["128.729551","36.568441"]}}},{"id":"urn:region:korea:60120","type":"Region","createdAt":"2020-05-26T20:10:00,000+09:00","modifiedAt":"2020-05-26T20:10:00,000+09:00","address":{"type":"Property","value":{"addressCountry":"KR","addressRegion":"Gyeongsangbuk-do","addressLocality":"Yeongdeok-gun"}},"location":{"type":"GeoProperty","value":{"type":"Point","coordinates":["129.366107","36.415059"]}}},{"id":"urn:region:korea:60130","type":"Region","createdAt":"2020-05-26T20:10:00,000+09:00","modifiedAt":"2020-05-26T20:10:00,000+09:00","address":{"type":"Property","value":{"addressCountry":"KR","addressRegion":"Gyeongsangbuk-do","addressLocality":"Yeongyang-gun"}},"location":{"type":"GeoProperty","value":{"type":"Point","coordinates":["129.112401","36.666664"]}}},{"id":"urn:region:korea:60140","type":"Region","createdAt":"2020-05-26T20:10:00,000+09:00","modifiedAt":"2020-05-26T20:10:00,000+09:00","address":{"type":"Property","value":{"addressCountry":"KR","addressRegion":"Gyeongsangbuk-do","addressLocality":"Yeongju-si"}},"location":{"type":"GeoProperty","value":{"type":"Point","coordinates":["128.623958","36.805702"]}}},{"id":"urn:region:korea:60150","type":"Region","createdAt":"2020-05-26T20:10:00,000+09:00","modifiedAt":"2020-05-26T20:10:00,000+09:00","address":{"type":"Property","value":{"addressCountry":"KR","addressRegion":"Gyeongsangbuk-do","addressLocality":"Yeongcheon-si"}},"location":{"type":"GeoProperty","value":{"type":"Point","coordinates":["128.938603","35.973268"]}}},{"id":"urn:region:korea:60160","type":"Region","createdAt":"2020-05-26T20:10:00,000+09:00","modifiedAt":"2020-05-26T20:10:00,000+09:00","address":{"type":"Property","value":{"addressCountry":"KR","addressRegion":"Gyeongsangbuk-do","addressLocality":"Yecheon-gun"}},"location":{"type":"GeoProperty","value":{"type":"Point","coordinates":["128.437435","36.646707"]}}},{"id":"urn:region:korea:60170","type":"Region","createdAt":"2020-05-26T20:10:00,000+09:00","modifiedAt":"2020-05-26T20:10:00,000+09:00","address":{"type":"Property","value":{"addressCountry":"KR","addressRegion":"Gyeongsangbuk-do","addressLocality":"Ulleung-gun"}},"location":{"type":"GeoProperty","value":{"type":"Point","coordinates":["130.905883","37.484438"]}}},{"id":"urn:region:korea:60180","type":"Region","createdAt":"2020-05-26T20:10:00,000+09:00","modifiedAt":"2020-05-26T20:10:00,000+09:00","address":{"type":"Property","value":{"addressCountry":"KR","addressRegion":"Gyeongsangbuk-do","addressLocality":"Uljin-gun"}},"location":{"type":"GeoProperty","value":{"type":"Point","coordinates":["129.400585","36.993078"]}}},{"id":"urn:region:korea:60190","type":"Region","createdAt":"2020-05-26T20:10:00,000+09:00","modifiedAt":"2020-05-26T20:10:00,000+09:00","address":{"type":"Property","value":{"addressCountry":"KR","addressRegion":"Gyeongsangbuk-do","addressLocality":"Uiseong-gun"}},"location":{"type":"GeoProperty","value":{"type":"Point","coordinates":["128.697088","36.352718"]}}},{"id":"urn:region:korea:60200","type":"Region","createdAt":"2020-05-26T20:10:00,000+09:00","modifiedAt":"2020-05-26T20:10:00,000+09:00","address":{"type":"Property","value":{"addressCountry":"KR","addressRegion":"Gyeongsangbuk-do","addressLocality":"Cheongdo-gun"}},"location":{"type":"GeoProperty","value":{"type":"Point","coordinates":["128.734382","35.647361"]}}},{"id":"urn:region:korea:60210","type":"Region","createdAt":"2020-05-26T20:10:00,000+09:00","modifiedAt":"2020-05-26T20:10:00,000+09:00","address":{"type":"Property","value":{"addressCountry":"KR","addressRegion":"Gyeongsangbuk-do","addressLocality":"Cheongsong-gun"}},"location":{"type":"GeoProperty","value":{"type":"Point","coordinates":["129.05708","36.436301"]}}},{"id":"urn:region:korea:60220","type":"Region","createdAt":"2020-05-26T20:10:00,000+09:00","modifiedAt":"2020-05-26T20:10:00,000+09:00","address":{"type":"Property","value":{"addressCountry":"KR","addressRegion":"Gyeongsangbuk-do","addressLocality":"Chilgok-gun"}},"location":{"type":"GeoProperty","value":{"type":"Point","coordinates":["128.401735","35.995529"]}}},{"id":"urn:region:korea:60230","type":"Region","createdAt":"2020-05-26T20:10:00,000+09:00","modifiedAt":"2020-05-26T20:10:00,000+09:00","address":{"type":"Property","value":{"addressCountry":"KR","addressRegion":"Gyeongsangbuk-do","addressLocality":"Pohang-si"}},"location":{"type":"GeoProperty","value":{"type":"Point","coordinates":["129.343645","36.019052"]}}},{"id":"urn:region:korea:61000","type":"Region","createdAt":"2020-05-26T20:10:00,000+09:00","modifiedAt":"2020-05-26T20:10:00,000+09:00","address":{"type":"Property","value":{"addressCountry":"KR","addressRegion":"Gyeongsangnam-do","addressLocality":"Gyeongsangnam-do"}},"location":{"type":"GeoProperty","value":{"type":"Point","coordinates":["128.692397","35.238294"]}}},{"id":"urn:region:korea:61010","type":"Region","createdAt":"2020-05-26T20:10:00,000+09:00","modifiedAt":"2020-05-26T20:10:00,000+09:00","address":{"type":"Property","value":{"addressCountry":"KR","addressRegion":"Gyeongsangnam-do","addressLocality":"Geoje-si"}},"location":{"type":"GeoProperty","value":{"type":"Point","coordinates":["128.621216","34.880519"]}}},{"id":"urn:region:korea:61020","type":"Region","createdAt":"2020-05-26T20:10:00,000+09:00","modifiedAt":"2020-05-26T20:10:00,000+09:00","address":{"type":"Property","value":{"addressCountry":"KR","addressRegion":"Gyeongsangnam-do","addressLocality":"Geochang-gun"}},"location":{"type":"GeoProperty","value":{"type":"Point","coordinates":["127.910021","35.686526"]}}},{"id":"urn:region:korea:61030","type":"Region","createdAt":"2020-05-26T20:10:00,000+09:00","modifiedAt":"2020-05-26T20:10:00,000+09:00","address":{"type":"Property","value":{"addressCountry":"KR","addressRegion":"Gyeongsangnam-do","addressLocality":"Goseong-gun"}},"location":{"type":"GeoProperty","value":{"type":"Point","coordinates":["128.322246","34.972986"]}}},{"id":"urn:region:korea:61040","type":"Region","createdAt":"2020-05-26T20:10:00,000+09:00","modifiedAt":"2020-05-26T20:10:00,000+09:00","address":{"type":"Property","value":{"addressCountry":"KR","addressRegion":"Gyeongsangnam-do","addressLocality":"Gimhae-si"}},"location":{"type":"GeoProperty","value":{"type":"Point","coordinates":["128.889352","35.228678"]}}},{"id":"urn:region:korea:61050","type":"Region","createdAt":"2020-05-26T20:10:00,000+09:00","modifiedAt":"2020-05-26T20:10:00,000+09:00","address":{"type":"Property","value":{"addressCountry":"KR","addressRegion":"Gyeongsangnam-do","addressLocality":"Namhae-gun"}},"location":{"type":"GeoProperty","value":{"type":"Point","coordinates":["127.892595","34.837688"]}}},{"id":"urn:region:korea:61060","type":"Region","createdAt":"2020-05-26T20:10:00,000+09:00","modifiedAt":"2020-05-26T20:10:00,000+09:00","address":{"type":"Property","value":{"addressCountry":"KR","addressRegion":"Gyeongsangnam-do","addressLocality":"Miryang-si"}},"location":{"type":"GeoProperty","value":{"type":"Point","coordinates":["128.746604","35.503827"]}}},{"id":"urn:region:korea:61070","type":"Region","createdAt":"2020-05-26T20:10:00,000+09:00","modifiedAt":"2020-05-26T20:10:00,000+09:00","address":{"type":"Property","value":{"addressCountry":"KR","addressRegion":"Gyeongsangnam-do","addressLocality":"Sacheon-si"}},"location":{"type":"GeoProperty","value":{"type":"Point","coordinates":["128.064272","35.003668"]}}},{"id":"urn:region:korea:61080","type":"Region","createdAt":"2020-05-26T20:10:00,000+09:00","modifiedAt":"2020-05-26T20:10:00,000+09:00","address":{"type":"Property","value":{"addressCountry":"KR","addressRegion":"Gyeongsangnam-do","addressLocality":"Sancheong-gun"}},"location":{"type":"GeoProperty","value":{"type":"Point","coordinates":["127.87349","35.415544"]}}},{"id":"urn:region:korea:61090","type":"Region","createdAt":"2020-05-26T20:10:00,000+09:00","modifiedAt":"2020-05-26T20:10:00,000+09:00","address":{"type":"Property","value":{"addressCountry":"KR","addressRegion":"Gyeongsangnam-do","addressLocality":"Yangsan-si"}},"location":{"type":"GeoProperty","value":{"type":"Point","coordinates":["129.037057","35.335016"]}}},{"id":"urn:region:korea:61100","type":"Region","createdAt":"2020-05-26T20:10:00,000+09:00","modifiedAt":"2020-05-26T20:10:00,000+09:00","address":{"type":"Property","value":{"addressCountry":"KR","addressRegion":"Gyeongsangnam-do","addressLocality":"Uiryeong-gun"}},"location":{"type":"GeoProperty","value":{"type":"Point","coordinates":["128.26174","35.322198"]}}},{"id":"urn:region:korea:61110","type":"Region","createdAt":"2020-05-26T20:10:00,000+09:00","modifiedAt":"2020-05-26T20:10:00,000+09:00","address":{"type":"Property","value":{"addressCountry":"KR","addressRegion":"Gyeongsangnam-do","addressLocality":"Jinju-si"}},"location":{"type":"GeoProperty","value":{"type":"Point","coordinates":["128.10875","35.180313"]}}},{"id":"urn:region:korea:61120","type":"Region","createdAt":"2020-05-26T20:10:00,000+09:00","modifiedAt":"2020-05-26T20:10:00,000+09:00","address":{"type":"Property","value":{"addressCountry":"KR","addressRegion":"Gyeongsangnam-do","addressLocality":"Changnyeong-gun"}},"location":{"type":"GeoProperty","value":{"type":"Point","coordinates":["128.49233","35.544603"]}}},{"id":"urn:region:korea:61130","type":"Region","createdAt":"2020-05-26T20:10:00,000+09:00","modifiedAt":"2020-05-26T20:10:00,000+09:00","address":{"type":"Property","value":{"addressCountry":"KR","addressRegion":"Gyeongsangnam-do","addressLocality":"Changwon-si"}},"location":{"type":"GeoProperty","value":{"type":"Point","coordinates":["128.681815","35.227992"]}}},{"id":"urn:region:korea:61140","type":"Region","createdAt":"2020-05-26T20:10:00,000+09:00","modifiedAt":"2020-05-26T20:10:00,000+09:00","address":{"type":"Property","value":{"addressCountry":"KR","addressRegion":"Gyeongsangnam-do","addressLocality":"Tongyeong-si"}},"location":{"type":"GeoProperty","value":{"type":"Point","coordinates":["128.43321","34.854426"]}}},{"id":"urn:region:korea:61150","type":"Region","createdAt":"2020-05-26T20:10:00,000+09:00","modifiedAt":"2020-05-26T20:10:00,000+09:00","address":{"type":"Property","value":{"addressCountry":"KR","addressRegion":"Gyeongsangnam-do","addressLocality":"Hadong-gun"}},"location":{"type":"GeoProperty","value":{"type":"Point","coordinates":["127.751271","35.067224"]}}},{"id":"urn:region:korea:61160","type":"Region","createdAt":"2020-05-26T20:10:00,000+09:00","modifiedAt":"2020-05-26T20:10:00,000+09:00","address":{"type":"Property","value":{"addressCountry":"KR","addressRegion":"Gyeongsangnam-do","addressLocality":"Haman-gun"}},"location":{"type":"GeoProperty","value":{"type":"Point","coordinates":["128.40654","35.272481"]}}},{"id":"urn:region:korea:61170","type":"Region","createdAt":"2020-05-26T20:10:00,000+09:00","modifiedAt":"2020-05-26T20:10:00,000+09:00","address":{"type":"Property","value":{"addressCountry":"KR","addressRegion":"Gyeongsangnam-do","addressLocality":"Hamyang-gun"}},"location":{"type":"GeoProperty","value":{"type":"Point","coordinates":["127.725177","35.520541"]}}},{"id":"urn:region:korea:61180","type":"Region","createdAt":"2020-05-26T20:10:00,000+09:00","modifiedAt":"2020-05-26T20:10:00,000+09:00","address":{"type":"Property","value":{"addressCountry":"KR","addressRegion":"Gyeongsangnam-do","addressLocality":"Hapcheon-gun"}},"location":{"type":"GeoProperty","value":{"type":"Point","coordinates":["128.16587","35.566702"]}}},{"id":"urn:region:korea:70000","type":"Region","createdAt":"2020-05-26T20:10:00,000+09:00","modifiedAt":"2020-05-26T20:10:00,000+09:00","address":{"type":"Property","value":{"addressCountry":"KR","addressRegion":"Jeju-do","addressLocality":"Jeju-do"}},"location":{"type":"GeoProperty","value":{"type":"Point","coordinates":["126.500423","33.488936"]}}},{"id":"urn:region:korea:80000","type":"Region","createdAt":"2020-05-26T20:10:00,000+09:00","modifiedAt":"2020-05-26T20:10:00,000+09:00","address":{"type":"Property","value":{"addressCountry":"KR","addressRegion":"Korea","addressLocality":"Korea"}},"location":{"type":"GeoProperty","value":{"type":"Point","coordinates":["126.977977","37.566953"]}}}]